{"v":"5.5.7","meta":{"g":"LottieFiles AE 0.1.21","a":"","k":"","d":"","tc":""},"fr":60,"ip":0,"op":241,"w":512,"h":512,"nm":"CHOOSING A PATH","ddd":0,"assets":[],"layers":[{"ddd":0,"ind":1,"ty":3,"nm":"Null 1","sr":1,"ks":{"o":{"a":0,"k":0,"ix":11},"r":{"a":0,"k":0,"ix":10},"p":{"a":0,"k":[256,256,0],"ix":2},"a":{"a":0,"k":[50,50,0],"ix":1},"s":{"a":0,"k":[100,100,100],"ix":6}},"ao":0,"ip":0,"op":729,"st":0,"bm":0},{"ddd":0,"ind":2,"ty":4,"nm":"Layer 5 Outlines","parent":1,"sr":1,"ks":{"o":{"a":0,"k":100,"ix":11},"r":{"a":0,"k":0,"ix":10},"p":{"a":0,"k":[54.25,144.171,0],"ix":2},"a":{"a":0,"k":[239.867,0.885,0],"ix":1},"s":{"a":0,"k":[100,100,100],"ix":6}},"ao":0,"shapes":[{"ty":"gr","it":[{"ind":0,"ty":"sh","ix":1,"ks":{"a":0,"k":{"i":[[0.35,0],[0,0],[0,0.35],[-0.349,0],[0,0],[0,-0.349]],"o":[[0,0],[-0.35,0],[0,-0.349],[0,0],[0.35,0],[0,0.35]],"v":[[238.982,0.635],[-238.981,0.635],[-239.617,0],[-238.981,-0.635],[238.982,-0.635],[239.618,0]],"c":true},"ix":2},"nm":"Path 1","mn":"ADBE Vector Shape - Group","hd":false},{"ty":"fl","c":{"a":0,"k":[0.284545300054,0.305457799575,0.39132902856,1],"ix":4},"o":{"a":0,"k":100,"ix":5},"r":1,"bm":0,"nm":"Fill 1","mn":"ADBE Vector Graphic - Fill","hd":false},{"ty":"tr","p":{"a":0,"k":[239.867,0.885],"ix":2},"a":{"a":0,"k":[0,0],"ix":1},"s":{"a":0,"k":[100,100],"ix":3},"r":{"a":0,"k":0,"ix":6},"o":{"a":0,"k":100,"ix":7},"sk":{"a":0,"k":0,"ix":4},"sa":{"a":0,"k":0,"ix":5},"nm":"Transform"}],"nm":"Group 1","np":2,"cix":2,"bm":0,"ix":1,"mn":"ADBE Vector Group","hd":false}],"ip":0,"op":729,"st":0,"bm":0},{"ddd":0,"ind":3,"ty":4,"nm":"Layer 7 Outlines","parent":1,"sr":1,"ks":{"o":{"a":1,"k":[{"i":{"x":[0.667],"y":[1]},"o":{"x":[0.333],"y":[0]},"t":210,"s":[100]},{"t":240,"s":[0]}],"ix":11},"r":{"a":0,"k":0,"ix":10},"p":{"a":0,"k":[105.809,-15.553,0],"ix":2},"a":{"a":0,"k":[6.617,19.324,0],"ix":1},"s":{"a":1,"k":[{"i":{"x":[0.667,0.667,0.667],"y":[1,1,1]},"o":{"x":[0.333,0.333,0.333],"y":[0,0,0]},"t":75,"s":[0,0,100]},{"i":{"x":[0.667,0.667,0.667],"y":[1,1,1]},"o":{"x":[0.333,0.333,0.333],"y":[0,0,0]},"t":85,"s":[120,120,100]},{"i":{"x":[0.667,0.667,0.667],"y":[1,1,1]},"o":{"x":[0.333,0.333,0.333],"y":[0,0,0]},"t":92,"s":[90,90,100]},{"t":97,"s":[100,100,100]}],"ix":6}},"ao":0,"shapes":[{"ty":"gr","it":[{"ind":0,"ty":"sh","ix":1,"ks":{"a":0,"k":{"i":[[0,-0.502],[0.335,-0.344],[0.502,0],[0.36,0.351],[0,0.486],[-0.352,0.343],[-0.502,0],[-0.335,-0.343]],"o":[[0,0.502],[-0.335,0.342],[-0.485,0],[-0.361,-0.352],[0,-0.502],[0.351,-0.343],[0.502,0],[0.335,0.343]],"v":[[1.482,7.698],[0.98,8.967],[-0.277,9.482],[-1.544,8.954],[-2.084,7.698],[-1.557,6.431],[-0.277,5.915],[0.98,6.431]],"c":true},"ix":2},"nm":"Path 1","mn":"ADBE Vector Shape - Group","hd":false},{"ind":1,"ty":"sh","ix":2,"ks":{"a":0,"k":{"i":[[0,-1.59],[0.795,-0.913],[1.373,-0.267],[0.066,-0.267],[0.787,0],[0.267,0.335],[0,0.503],[0,0],[-0.21,0.209],[-0.637,0.201],[-0.352,0.319],[0,0.787],[0.461,0.377],[0.686,0],[0.485,-0.486],[0,0],[0.469,0],[0.26,0.276],[0,0.419],[-0.317,0.536],[-0.938,0.477],[-1.039,0],[-1.088,-0.921]],"o":[[0,1.39],[-0.796,0.913],[0,1.106],[-0.201,0.771],[-0.486,0],[-0.268,-0.335],[0,0],[0,-0.419],[0.209,-0.21],[0.854,-0.268],[0.485,-0.435],[0,-0.686],[-0.461,-0.376],[-0.804,0],[0,0],[-0.353,0.485],[-0.401,0],[-0.26,-0.276],[0,-0.536],[0.519,-0.871],[0.938,-0.477],[1.624,0],[1.138,0.987]],"v":[[5.701,-4.233],[4.508,-0.779],[1.256,0.992],[1.156,3.052],[-0.326,4.207],[-1.456,3.704],[-1.859,2.448],[-1.859,-0.062],[-1.544,-1.004],[-0.277,-1.62],[1.533,-2.5],[2.261,-4.332],[1.57,-5.927],[-0.15,-6.492],[-2.084,-5.763],[-3.088,-4.408],[-4.32,-3.68],[-5.312,-4.094],[-5.701,-5.137],[-5.225,-6.743],[-3.04,-8.766],[-0.075,-9.482],[3.994,-8.099]],"c":true},"ix":2},"nm":"Path 2","mn":"ADBE Vector Shape - Group","hd":false},{"ty":"mm","mm":1,"nm":"Merge Paths 1","mn":"ADBE Vector Filter - Merge","hd":false},{"ty":"fl","c":{"a":0,"k":[0.946385641659,0.669906975241,0.384989630007,1],"ix":4},"o":{"a":0,"k":100,"ix":5},"r":1,"bm":0,"nm":"Fill 1","mn":"ADBE Vector Graphic - Fill","hd":false},{"ty":"tr","p":{"a":0,"k":[7.283,9.732],"ix":2},"a":{"a":0,"k":[0,0],"ix":1},"s":{"a":0,"k":[100,100],"ix":3},"r":{"a":0,"k":0,"ix":6},"o":{"a":0,"k":100,"ix":7},"sk":{"a":0,"k":0,"ix":4},"sa":{"a":0,"k":0,"ix":5},"nm":"Transform"}],"nm":"Group 1","np":4,"cix":2,"bm":0,"ix":1,"mn":"ADBE Vector Group","hd":false},{"ty":"gr","it":[{"ind":0,"ty":"sh","ix":1,"ks":{"a":0,"k":{"i":[[1.139,0.988],[1.624,0],[0.938,-0.477],[0.519,-0.87],[0,-0.535],[-0.259,-0.276],[-0.402,0],[0,0],[0.001,0.342],[0,0],[-0.803,0],[-0.461,-0.376],[0,-0.686],[0.486,-0.435],[0.854,-0.268],[0.209,-0.209],[0,-0.418],[0,0],[-0.269,-0.335],[-0.486,0],[0,0],[0,0],[-0.039,0.147],[0,1.105],[-0.795,0.913],[0,1.39]],"o":[[-1.089,-0.921],[-1.038,0],[-0.938,0.478],[-0.318,0.536],[0,0.419],[0.26,0.276],[0,0],[0,0],[0,0],[0.485,-0.486],[0.687,0],[0.46,0.377],[0,0.788],[-0.351,0.318],[-0.636,0.201],[-0.21,0.21],[0,0],[0,0.502],[0.267,0.335],[0,0],[0,0],[0.059,-0.119],[0.067,-0.268],[1.373,-0.268],[0.795,-0.912],[0,-1.591]],"v":[[3.994,-5.463],[-0.075,-6.844],[-3.04,-6.128],[-5.225,-4.106],[-5.701,-2.499],[-5.312,-1.456],[-4.32,-1.042],[-2.989,-1.042],[-3.006,-1.883],[-2.084,-3.126],[-0.152,-3.855],[1.57,-3.29],[2.261,-1.695],[1.532,0.139],[-0.277,1.018],[-1.545,1.632],[-1.86,2.575],[-1.86,5.087],[-1.456,6.343],[-0.326,6.844],[1.006,6.844],[1.006,6.084],[1.156,5.689],[1.256,3.63],[4.508,1.859],[5.701,-1.594]],"c":true},"ix":2},"nm":"Path 1","mn":"ADBE Vector Shape - Group","hd":false},{"ty":"fl","c":{"a":0,"k":[0.902772910922,0.564709233303,0.311696879069,1],"ix":4},"o":{"a":0,"k":100,"ix":5},"r":1,"bm":0,"nm":"Fill 1","mn":"ADBE Vector Graphic - Fill","hd":false},{"ty":"tr","p":{"a":0,"k":[5.951,7.095],"ix":2},"a":{"a":0,"k":[0,0],"ix":1},"s":{"a":0,"k":[100,100],"ix":3},"r":{"a":0,"k":0,"ix":6},"o":{"a":0,"k":100,"ix":7},"sk":{"a":0,"k":0,"ix":4},"sa":{"a":0,"k":0,"ix":5},"nm":"Transform"}],"nm":"Group 2","np":2,"cix":2,"bm":0,"ix":2,"mn":"ADBE Vector Group","hd":false},{"ty":"gr","it":[{"ind":0,"ty":"sh","ix":1,"ks":{"a":0,"k":{"i":[[0.283,0.327],[0,0],[0,0],[0,0],[0.304,-0.297],[0,-0.503],[-0.36,-0.351],[-0.486,0],[0,0],[0,0],[0,0.462]],"o":[[0,0],[0,0],[0,0],[-0.417,0.04],[-0.352,0.343],[0,0.485],[0.36,0.352],[0,0],[0,0],[0.283,-0.327],[0,-0.463]],"v":[[1.357,-1.184],[1.357,-1.783],[-0.174,-1.783],[-0.173,-1.774],[-1.256,-1.269],[-1.783,0.001],[-1.243,1.256],[0.025,1.783],[1.357,1.783],[1.357,1.183],[1.783,0.001]],"c":true},"ix":2},"nm":"Path 1","mn":"ADBE Vector Shape - Group","hd":false},{"ty":"fl","c":{"a":0,"k":[0.902772910922,0.564709233303,0.311696879069,1],"ix":4},"o":{"a":0,"k":100,"ix":5},"r":1,"bm":0,"nm":"Fill 1","mn":"ADBE Vector Graphic - Fill","hd":false},{"ty":"tr","p":{"a":0,"k":[5.65,17.43],"ix":2},"a":{"a":0,"k":[0,0],"ix":1},"s":{"a":0,"k":[100,100],"ix":3},"r":{"a":0,"k":0,"ix":6},"o":{"a":0,"k":100,"ix":7},"sk":{"a":0,"k":0,"ix":4},"sa":{"a":0,"k":0,"ix":5},"nm":"Transform"}],"nm":"Group 3","np":2,"cix":2,"bm":0,"ix":3,"mn":"ADBE Vector Group","hd":false}],"ip":75,"op":240,"st":75,"bm":0},{"ddd":0,"ind":4,"ty":4,"nm":"Layer 8 Outlines","parent":1,"sr":1,"ks":{"o":{"a":1,"k":[{"i":{"x":[0.667],"y":[1]},"o":{"x":[0.333],"y":[0]},"t":210,"s":[100]},{"t":240,"s":[0]}],"ix":11},"r":{"a":0,"k":0,"ix":10},"p":{"a":0,"k":[105.393,143.047,0],"ix":2},"a":{"a":0,"k":[8.909,157.093,0],"ix":1},"s":{"a":1,"k":[{"i":{"x":[0.667,0.667,0.667],"y":[1,1,1]},"o":{"x":[0.333,0.333,0.333],"y":[0,0,0]},"t":0,"s":[0,0,100]},{"i":{"x":[0.667,0.667,0.667],"y":[1,1,1]},"o":{"x":[0.333,0.333,0.333],"y":[0,0,0]},"t":10,"s":[110,110,100]},{"i":{"x":[0.667,0.667,0.667],"y":[1,1,1]},"o":{"x":[0.333,0.333,0.333],"y":[0,0,0]},"t":17,"s":[90,90,100]},{"t":22,"s":[100,100,100]}],"ix":6}},"ao":0,"shapes":[{"ty":"gr","it":[{"ind":0,"ty":"sh","ix":1,"ks":{"a":0,"k":{"i":[[0,-3.236],[0,0],[0,0],[0,0],[-3.118,0.322]],"o":[[0,0],[0,0],[0,0],[0,-3.205],[3.152,0.325]],"v":[[5.579,-5.484],[5.579,11.709],[-5.579,11.709],[-5.579,-5.55],[-0.029,-11.709]],"c":true},"ix":2},"nm":"Path 1","mn":"ADBE Vector Shape - Group","hd":false},{"ty":"fl","c":{"a":0,"k":[0.902772910922,0.564709233303,0.311696879069,1],"ix":4},"o":{"a":0,"k":100,"ix":5},"r":1,"bm":0,"nm":"Fill 1","mn":"ADBE Vector Graphic - Fill","hd":false},{"ty":"tr","p":{"a":0,"k":[5.828,145.873],"ix":2},"a":{"a":0,"k":[0,0],"ix":1},"s":{"a":0,"k":[100,100],"ix":3},"r":{"a":0,"k":0,"ix":6},"o":{"a":0,"k":100,"ix":7},"sk":{"a":0,"k":0,"ix":4},"sa":{"a":0,"k":0,"ix":5},"nm":"Transform"}],"nm":"Group 1","np":2,"cix":2,"bm":0,"ix":1,"mn":"ADBE Vector Group","hd":false},{"ty":"gr","it":[{"ind":0,"ty":"sh","ix":1,"ks":{"a":0,"k":{"i":[[0,-3.456],[0,0],[0,0],[0,0],[-3.117,0.322],[-0.216,0],[0,0]],"o":[[0,0],[0,0],[0,0],[0,-3.205],[0.212,-0.022],[0,0],[3.457,0]],"v":[[8.659,-5.467],[8.659,11.726],[-8.659,11.726],[-8.659,-5.533],[-3.111,-11.692],[-2.468,-11.725],[2.401,-11.725]],"c":true},"ix":2},"nm":"Path 1","mn":"ADBE Vector Shape - Group","hd":false},{"ty":"fl","c":{"a":0,"k":[0.946385641659,0.669906975241,0.384989630007,1],"ix":4},"o":{"a":0,"k":100,"ix":5},"r":1,"bm":0,"nm":"Fill 1","mn":"ADBE Vector Graphic - Fill","hd":false},{"ty":"tr","p":{"a":0,"k":[8.909,145.857],"ix":2},"a":{"a":0,"k":[0,0],"ix":1},"s":{"a":0,"k":[100,100],"ix":3},"r":{"a":0,"k":0,"ix":6},"o":{"a":0,"k":100,"ix":7},"sk":{"a":0,"k":0,"ix":4},"sa":{"a":0,"k":0,"ix":5},"nm":"Transform"}],"nm":"Group 2","np":2,"cix":2,"bm":0,"ix":2,"mn":"ADBE Vector Group","hd":false},{"ty":"gr","it":[{"ind":0,"ty":"sh","ix":1,"ks":{"a":0,"k":{"i":[[0,-0.688],[0,0],[0.662,-0.438],[0,0.687],[0,0],[-0.665,0.438]],"o":[[0,0],[0,0.892],[-0.424,-0.452],[0,0],[0,-0.895],[0.421,0.451]],"v":[[0.897,-76.352],[0.897,75.996],[-0.21,78.116],[-0.897,76.352],[-0.897,-75.995],[0.212,-78.116]],"c":true},"ix":2},"nm":"Path 1","mn":"ADBE Vector Shape - Group","hd":false},{"ty":"fl","c":{"a":0,"k":[0.902772910922,0.564709233303,0.311696879069,1],"ix":4},"o":{"a":0,"k":100,"ix":5},"r":1,"bm":0,"nm":"Fill 1","mn":"ADBE Vector Graphic - Fill","hd":false},{"ty":"tr","p":{"a":0,"k":[6.322,78.737],"ix":2},"a":{"a":0,"k":[0,0],"ix":1},"s":{"a":0,"k":[100,100],"ix":3},"r":{"a":0,"k":0,"ix":6},"o":{"a":0,"k":100,"ix":7},"sk":{"a":0,"k":0,"ix":4},"sa":{"a":0,"k":0,"ix":5},"nm":"Transform"}],"nm":"Group 3","np":2,"cix":2,"bm":0,"ix":3,"mn":"ADBE Vector Group","hd":false},{"ty":"gr","it":[{"ind":0,"ty":"sh","ix":1,"ks":{"a":0,"k":{"i":[[0,-1.372],[0,0],[1.278,0],[0,0],[0.421,0.451],[0,0.687],[0,0],[-0.665,0.438],[-0.444,0],[0,0]],"o":[[0,0],[0,1.371],[0,0],[-0.637,0],[-0.424,-0.452],[0,0],[0,-0.895],[0.352,-0.235],[0,0],[1.278,0]],"v":[[3.485,-76.174],[3.485,76.173],[1.161,78.666],[-1.162,78.666],[-2.798,77.937],[-3.485,76.173],[-3.485,-76.174],[-2.374,-78.295],[-1.162,-78.666],[1.161,-78.666]],"c":true},"ix":2},"nm":"Path 1","mn":"ADBE Vector Shape - Group","hd":false},{"ty":"fl","c":{"a":0,"k":[0.946385641659,0.669906975241,0.384989630007,1],"ix":4},"o":{"a":0,"k":100,"ix":5},"r":1,"bm":0,"nm":"Fill 1","mn":"ADBE Vector Graphic - Fill","hd":false},{"ty":"tr","p":{"a":0,"k":[8.91,78.916],"ix":2},"a":{"a":0,"k":[0,0],"ix":1},"s":{"a":0,"k":[100,100],"ix":3},"r":{"a":0,"k":0,"ix":6},"o":{"a":0,"k":100,"ix":7},"sk":{"a":0,"k":0,"ix":4},"sa":{"a":0,"k":0,"ix":5},"nm":"Transform"}],"nm":"Group 4","np":2,"cix":2,"bm":0,"ix":4,"mn":"ADBE Vector Group","hd":false}],"ip":0,"op":240,"st":0,"bm":0},{"ddd":0,"ind":5,"ty":4,"nm":"Layer 10 Outlines","parent":1,"sr":1,"ks":{"o":{"a":1,"k":[{"i":{"x":[0.667],"y":[1]},"o":{"x":[0.333],"y":[0]},"t":210,"s":[100]},{"t":240,"s":[0]}],"ix":11},"r":{"a":0,"k":0,"ix":10},"p":{"a":0,"k":[104.126,58.554,0],"ix":2},"a":{"a":0,"k":[42.603,10.654,0],"ix":1},"s":{"a":1,"k":[{"i":{"x":[0.271,0.271,0.667],"y":[1,1,1]},"o":{"x":[0.333,0.333,0.333],"y":[0,0,0]},"t":10,"s":[0,0,100]},{"i":{"x":[0.315,0.315,0.667],"y":[1,1,1]},"o":{"x":[0.333,0.333,0.333],"y":[0,0,0]},"t":19,"s":[120,120,100]},{"i":{"x":[0.177,0.177,0.667],"y":[1,1,1]},"o":{"x":[0.333,0.333,0.333],"y":[0,0,0]},"t":26.059,"s":[90,90,100]},{"t":31.3515625,"s":[100,100,100]}],"ix":6}},"ao":0,"shapes":[{"ty":"gr","it":[{"ind":0,"ty":"sh","ix":1,"ks":{"a":0,"k":{"i":[[0,0],[0,0],[0,0],[0,0]],"o":[[0,0],[0,0],[0,0],[0,0]],"v":[[7.061,5.073],[4.818,5.073],[-7.061,-5.073],[-4.598,-5.073]],"c":true},"ix":2},"nm":"Path 1","mn":"ADBE Vector Shape - Group","hd":false},{"ty":"fl","c":{"a":0,"k":[0.824746225394,0.5446760589,0.285610602884,1],"ix":4},"o":{"a":0,"k":100,"ix":5},"r":1,"bm":0,"nm":"Fill 1","mn":"ADBE Vector Graphic - Fill","hd":false},{"ty":"tr","p":{"a":0,"k":[7.311,14.066],"ix":2},"a":{"a":0,"k":[0,0],"ix":1},"s":{"a":0,"k":[100,100],"ix":3},"r":{"a":0,"k":0,"ix":6},"o":{"a":0,"k":100,"ix":7},"sk":{"a":0,"k":0,"ix":4},"sa":{"a":0,"k":0,"ix":5},"nm":"Transform"}],"nm":"Group 1","np":2,"cix":2,"bm":0,"ix":1,"mn":"ADBE Vector Group","hd":false},{"ty":"gr","it":[{"ind":0,"ty":"sh","ix":1,"ks":{"a":0,"k":{"i":[[0,0],[0,0],[0,0],[0,0]],"o":[[0,0],[0,0],[0,0],[0,0]],"v":[[7.66,-4.372],[5.995,-4.372],[-7.66,4.372],[-5.197,4.372]],"c":true},"ix":2},"nm":"Path 1","mn":"ADBE Vector Shape - Group","hd":false},{"ty":"fl","c":{"a":0,"k":[0.919772518382,0.628802909103,0.357922273524,1],"ix":4},"o":{"a":0,"k":100,"ix":5},"r":1,"bm":0,"nm":"Fill 1","mn":"ADBE Vector Graphic - Fill","hd":false},{"ty":"tr","p":{"a":0,"k":[7.91,4.622],"ix":2},"a":{"a":0,"k":[0,0],"ix":1},"s":{"a":0,"k":[100,100],"ix":3},"r":{"a":0,"k":0,"ix":6},"o":{"a":0,"k":100,"ix":7},"sk":{"a":0,"k":0,"ix":4},"sa":{"a":0,"k":0,"ix":5},"nm":"Transform"}],"nm":"Group 2","np":2,"cix":2,"bm":0,"ix":2,"mn":"ADBE Vector Group","hd":false},{"ty":"gr","it":[{"ind":0,"ty":"sh","ix":1,"ks":{"a":0,"k":{"i":[[0.132,-0.354],[-0.183,-0.254],[-0.132,0.354],[0.184,0.255]],"o":[[-0.131,0.355],[0.183,0.255],[0.131,-0.356],[-0.183,-0.255]],"v":[[-0.332,-0.462],[-0.238,0.643],[0.332,0.463],[0.238,-0.643]],"c":true},"ix":2},"nm":"Path 1","mn":"ADBE Vector Shape - Group","hd":false},{"ty":"fl","c":{"a":0,"k":[0.824746225394,0.5446760589,0.285610602884,1],"ix":4},"o":{"a":0,"k":100,"ix":5},"r":1,"bm":0,"nm":"Fill 1","mn":"ADBE Vector Graphic - Fill","hd":false},{"ty":"tr","p":{"a":0,"k":[41.634,14.609],"ix":2},"a":{"a":0,"k":[0,0],"ix":1},"s":{"a":0,"k":[100,100],"ix":3},"r":{"a":0,"k":0,"ix":6},"o":{"a":0,"k":100,"ix":7},"sk":{"a":0,"k":0,"ix":4},"sa":{"a":0,"k":0,"ix":5},"nm":"Transform"}],"nm":"Group 3","np":2,"cix":2,"bm":0,"ix":3,"mn":"ADBE Vector Group","hd":false},{"ty":"gr","it":[{"ind":0,"ty":"sh","ix":1,"ks":{"a":0,"k":{"i":[[0.132,-0.354],[-0.183,-0.254],[-0.132,0.355],[0.184,0.255]],"o":[[-0.131,0.355],[0.183,0.255],[0.131,-0.355],[-0.183,-0.256]],"v":[[-0.332,-0.462],[-0.238,0.644],[0.332,0.463],[0.238,-0.643]],"c":true},"ix":2},"nm":"Path 1","mn":"ADBE Vector Shape - Group","hd":false},{"ty":"fl","c":{"a":0,"k":[0.824746225394,0.5446760589,0.285610602884,1],"ix":4},"o":{"a":0,"k":100,"ix":5},"r":1,"bm":0,"nm":"Fill 1","mn":"ADBE Vector Graphic - Fill","hd":false},{"ty":"tr","p":{"a":0,"k":[41.634,7.715],"ix":2},"a":{"a":0,"k":[0,0],"ix":1},"s":{"a":0,"k":[100,100],"ix":3},"r":{"a":0,"k":0,"ix":6},"o":{"a":0,"k":100,"ix":7},"sk":{"a":0,"k":0,"ix":4},"sa":{"a":0,"k":0,"ix":5},"nm":"Transform"}],"nm":"Group 4","np":2,"cix":2,"bm":0,"ix":4,"mn":"ADBE Vector Group","hd":false},{"ty":"gr","it":[{"ind":0,"ty":"sh","ix":1,"ks":{"a":0,"k":{"i":[[0,0],[0,0],[0,0],[0,0],[0,0]],"o":[[0,0],[0,0],[0,0],[0,0],[0,0]],"v":[[-7.401,-9.445],[-20.258,-0.779],[-8.599,9.445],[20.258,7.624],[20.258,-4.033]],"c":true},"ix":2},"nm":"Path 1","mn":"ADBE Vector Shape - Group","hd":false},{"ty":"fl","c":{"a":0,"k":[0.946385641659,0.669906975241,0.384989630007,1],"ix":4},"o":{"a":0,"k":100,"ix":5},"r":1,"bm":0,"nm":"Fill 1","mn":"ADBE Vector Graphic - Fill","hd":false},{"ty":"tr","p":{"a":0,"k":[22.971,9.695],"ix":2},"a":{"a":0,"k":[0,0],"ix":1},"s":{"a":0,"k":[100,100],"ix":3},"r":{"a":0,"k":0,"ix":6},"o":{"a":0,"k":100,"ix":7},"sk":{"a":0,"k":0,"ix":4},"sa":{"a":0,"k":0,"ix":5},"nm":"Transform"}],"nm":"Group 5","np":2,"cix":2,"bm":0,"ix":5,"mn":"ADBE Vector Group","hd":false}],"ip":10,"op":240,"st":10,"bm":0},{"ddd":0,"ind":6,"ty":4,"nm":"Layer 13 Outlines","parent":1,"sr":1,"ks":{"o":{"a":1,"k":[{"i":{"x":[0.667],"y":[1]},"o":{"x":[0.333],"y":[0]},"t":210,"s":[100]},{"t":240,"s":[0]}],"ix":11},"r":{"a":0,"k":0,"ix":10},"p":{"a":0,"k":[106.863,34.057,0],"ix":2},"a":{"a":0,"k":[1.155,9.705,0],"ix":1},"s":{"a":1,"k":[{"i":{"x":[0.271,0.271,0.667],"y":[1,1,1]},"o":{"x":[0.333,0.333,0.333],"y":[0,0,0]},"t":37,"s":[0,0,100]},{"i":{"x":[0.315,0.315,0.667],"y":[1,1,1]},"o":{"x":[0.333,0.333,0.333],"y":[0,0,0]},"t":46,"s":[120,120,100]},{"i":{"x":[0.177,0.177,0.667],"y":[1,1,1]},"o":{"x":[0.333,0.333,0.333],"y":[0,0,0]},"t":53.059,"s":[90,90,100]},{"t":58.3515625,"s":[100,100,100]}],"ix":6}},"ao":0,"shapes":[{"ty":"gr","it":[{"ind":0,"ty":"sh","ix":1,"ks":{"a":0,"k":{"i":[[-0.169,-0.456],[0.235,-0.327],[0.168,0.455],[-0.235,0.327]],"o":[[0.169,0.456],[-0.234,0.327],[-0.169,-0.457],[0.235,-0.328]],"v":[[0.426,-0.593],[0.305,0.826],[-0.425,0.593],[-0.305,-0.825]],"c":true},"ix":2},"nm":"Path 1","mn":"ADBE Vector Shape - Group","hd":false},{"ty":"fl","c":{"a":0,"k":[0.824746225394,0.5446760589,0.285610602884,1],"ix":4},"o":{"a":0,"k":100,"ix":5},"r":1,"bm":0,"nm":"Fill 1","mn":"ADBE Vector Graphic - Fill","hd":false},{"ty":"tr","p":{"a":0,"k":[2.85,14.724],"ix":2},"a":{"a":0,"k":[0,0],"ix":1},"s":{"a":0,"k":[100,100],"ix":3},"r":{"a":0,"k":0,"ix":6},"o":{"a":0,"k":100,"ix":7},"sk":{"a":0,"k":0,"ix":4},"sa":{"a":0,"k":0,"ix":5},"nm":"Transform"}],"nm":"Group 1","np":2,"cix":2,"bm":0,"ix":1,"mn":"ADBE Vector Group","hd":false},{"ty":"gr","it":[{"ind":0,"ty":"sh","ix":1,"ks":{"a":0,"k":{"i":[[-0.169,-0.456],[0.235,-0.327],[0.168,0.455],[-0.235,0.327]],"o":[[0.169,0.456],[-0.234,0.327],[-0.169,-0.457],[0.235,-0.328]],"v":[[0.426,-0.593],[0.305,0.826],[-0.425,0.593],[-0.305,-0.825]],"c":true},"ix":2},"nm":"Path 1","mn":"ADBE Vector Shape - Group","hd":false},{"ty":"fl","c":{"a":0,"k":[0.824746225394,0.5446760589,0.285610602884,1],"ix":4},"o":{"a":0,"k":100,"ix":5},"r":1,"bm":0,"nm":"Fill 1","mn":"ADBE Vector Graphic - Fill","hd":false},{"ty":"tr","p":{"a":0,"k":[2.85,5.881],"ix":2},"a":{"a":0,"k":[0,0],"ix":1},"s":{"a":0,"k":[100,100],"ix":3},"r":{"a":0,"k":0,"ix":6},"o":{"a":0,"k":100,"ix":7},"sk":{"a":0,"k":0,"ix":4},"sa":{"a":0,"k":0,"ix":5},"nm":"Transform"}],"nm":"Group 2","np":2,"cix":2,"bm":0,"ix":2,"mn":"ADBE Vector Group","hd":false},{"ty":"gr","it":[{"ind":0,"ty":"sh","ix":1,"ks":{"a":0,"k":{"i":[[0,0],[0,0],[0,0],[0,0]],"o":[[0,0],[0,0],[0,0],[0,0]],"v":[[-11.119,5.13],[-9.563,5.13],[11.119,-5.13],[8.2,-5.13]],"c":true},"ix":2},"nm":"Path 1","mn":"ADBE Vector Shape - Group","hd":false},{"ty":"fl","c":{"a":0,"k":[0.824746225394,0.5446760589,0.285610602884,1],"ix":4},"o":{"a":0,"k":100,"ix":5},"r":1,"bm":0,"nm":"Fill 1","mn":"ADBE Vector Graphic - Fill","hd":false},{"ty":"tr","p":{"a":0,"k":[57.606,14.031],"ix":2},"a":{"a":0,"k":[0,0],"ix":1},"s":{"a":0,"k":[100,100],"ix":3},"r":{"a":0,"k":0,"ix":6},"o":{"a":0,"k":100,"ix":7},"sk":{"a":0,"k":0,"ix":4},"sa":{"a":0,"k":0,"ix":5},"nm":"Transform"}],"nm":"Group 3","np":2,"cix":2,"bm":0,"ix":3,"mn":"ADBE Vector Group","hd":false},{"ty":"gr","it":[{"ind":0,"ty":"sh","ix":1,"ks":{"a":0,"k":{"i":[[0,0],[0,0],[0,0],[0,0]],"o":[[0,0],[0,0],[0,0],[0,0]],"v":[[-11.505,-4.326],[-8.587,-4.326],[11.505,4.326],[8.586,4.326]],"c":true},"ix":2},"nm":"Path 1","mn":"ADBE Vector Shape - Group","hd":false},{"ty":"fl","c":{"a":0,"k":[0.919772518382,0.628802909103,0.357922273524,1],"ix":4},"o":{"a":0,"k":100,"ix":5},"r":1,"bm":0,"nm":"Fill 1","mn":"ADBE Vector Graphic - Fill","hd":false},{"ty":"tr","p":{"a":0,"k":[57.22,4.576],"ix":2},"a":{"a":0,"k":[0,0],"ix":1},"s":{"a":0,"k":[100,100],"ix":3},"r":{"a":0,"k":0,"ix":6},"o":{"a":0,"k":100,"ix":7},"sk":{"a":0,"k":0,"ix":4},"sa":{"a":0,"k":0,"ix":5},"nm":"Transform"}],"nm":"Group 4","np":2,"cix":2,"bm":0,"ix":4,"mn":"ADBE Vector Group","hd":false},{"ty":"gr","it":[{"ind":0,"ty":"sh","ix":1,"ks":{"a":0,"k":{"i":[[0,0],[0,0],[0,0],[0,0],[0,0]],"o":[[0,0],[0,0],[0,0],[0,0],[0,0]],"v":[[12.687,-9.456],[32.779,-0.805],[13.458,9.456],[-32.779,7.85],[-32.779,-6.582]],"c":true},"ix":2},"nm":"Path 1","mn":"ADBE Vector Shape - Group","hd":false},{"ty":"fl","c":{"a":0,"k":[0.946385641659,0.669906975241,0.384989630007,1],"ix":4},"o":{"a":0,"k":100,"ix":5},"r":1,"bm":0,"nm":"Fill 1","mn":"ADBE Vector Graphic - Fill","hd":false},{"ty":"tr","p":{"a":0,"k":[33.028,9.706],"ix":2},"a":{"a":0,"k":[0,0],"ix":1},"s":{"a":0,"k":[100,100],"ix":3},"r":{"a":0,"k":0,"ix":6},"o":{"a":0,"k":100,"ix":7},"sk":{"a":0,"k":0,"ix":4},"sa":{"a":0,"k":0,"ix":5},"nm":"Transform"}],"nm":"Group 5","np":2,"cix":2,"bm":0,"ix":5,"mn":"ADBE Vector Group","hd":false}],"ip":37,"op":240,"st":37,"bm":0},{"ddd":0,"ind":7,"ty":4,"nm":"Layer 12 Outlines","parent":1,"sr":1,"ks":{"o":{"a":1,"k":[{"i":{"x":[0.667],"y":[1]},"o":{"x":[0.333],"y":[0]},"t":210,"s":[100]},{"t":240,"s":[0]}],"ix":11},"r":{"a":0,"k":0,"ix":10},"p":{"a":0,"k":[103.376,9.031,0],"ix":2},"a":{"a":0,"k":[66.143,9.706,0],"ix":1},"s":{"a":1,"k":[{"i":{"x":[0.271,0.271,0.667],"y":[1,1,1]},"o":{"x":[0.333,0.333,0.333],"y":[0,0,0]},"t":54,"s":[0,0,100]},{"i":{"x":[0.315,0.315,0.667],"y":[1,1,1]},"o":{"x":[0.333,0.333,0.333],"y":[0,0,0]},"t":63,"s":[120,120,100]},{"i":{"x":[0.177,0.177,0.667],"y":[1,1,1]},"o":{"x":[0.333,0.333,0.333],"y":[0,0,0]},"t":70.059,"s":[90,90,100]},{"t":75,"s":[100,100,100]}],"ix":6}},"ao":0,"shapes":[{"ty":"gr","it":[{"ind":0,"ty":"sh","ix":1,"ks":{"a":0,"k":{"i":[[0.169,-0.456],[-0.234,-0.327],[-0.169,0.456],[0.236,0.327]],"o":[[-0.168,0.456],[0.235,0.328],[0.169,-0.456],[-0.235,-0.327]],"v":[[-0.426,-0.593],[-0.306,0.825],[0.426,0.593],[0.305,-0.825]],"c":true},"ix":2},"nm":"Path 1","mn":"ADBE Vector Shape - Group","hd":false},{"ty":"fl","c":{"a":0,"k":[0.824746225394,0.5446760589,0.285610602884,1],"ix":4},"o":{"a":0,"k":100,"ix":5},"r":1,"bm":0,"nm":"Fill 1","mn":"ADBE Vector Graphic - Fill","hd":false},{"ty":"tr","p":{"a":0,"k":[66.127,14.724],"ix":2},"a":{"a":0,"k":[0,0],"ix":1},"s":{"a":0,"k":[100,100],"ix":3},"r":{"a":0,"k":0,"ix":6},"o":{"a":0,"k":100,"ix":7},"sk":{"a":0,"k":0,"ix":4},"sa":{"a":0,"k":0,"ix":5},"nm":"Transform"}],"nm":"Group 1","np":2,"cix":2,"bm":0,"ix":1,"mn":"ADBE Vector Group","hd":false},{"ty":"gr","it":[{"ind":0,"ty":"sh","ix":1,"ks":{"a":0,"k":{"i":[[0.169,-0.456],[-0.234,-0.327],[-0.169,0.456],[0.236,0.327]],"o":[[-0.168,0.456],[0.235,0.327],[0.169,-0.456],[-0.235,-0.328]],"v":[[-0.426,-0.593],[-0.306,0.826],[0.426,0.593],[0.305,-0.825]],"c":true},"ix":2},"nm":"Path 1","mn":"ADBE Vector Shape - Group","hd":false},{"ty":"fl","c":{"a":0,"k":[0.824746225394,0.5446760589,0.285610602884,1],"ix":4},"o":{"a":0,"k":100,"ix":5},"r":1,"bm":0,"nm":"Fill 1","mn":"ADBE Vector Graphic - Fill","hd":false},{"ty":"tr","p":{"a":0,"k":[66.127,5.882],"ix":2},"a":{"a":0,"k":[0,0],"ix":1},"s":{"a":0,"k":[100,100],"ix":3},"r":{"a":0,"k":0,"ix":6},"o":{"a":0,"k":100,"ix":7},"sk":{"a":0,"k":0,"ix":4},"sa":{"a":0,"k":0,"ix":5},"nm":"Transform"}],"nm":"Group 2","np":2,"cix":2,"bm":0,"ix":2,"mn":"ADBE Vector Group","hd":false},{"ty":"gr","it":[{"ind":0,"ty":"sh","ix":1,"ks":{"a":0,"k":{"i":[[0,0],[0,0],[0,0],[0,0]],"o":[[0,0],[0,0],[0,0],[0,0]],"v":[[11.12,5.13],[9.563,5.13],[-11.12,-5.13],[-8.201,-5.13]],"c":true},"ix":2},"nm":"Path 1","mn":"ADBE Vector Shape - Group","hd":false},{"ty":"fl","c":{"a":0,"k":[0.824746225394,0.5446760589,0.285610602884,1],"ix":4},"o":{"a":0,"k":100,"ix":5},"r":1,"bm":0,"nm":"Fill 1","mn":"ADBE Vector Graphic - Fill","hd":false},{"ty":"tr","p":{"a":0,"k":[11.37,14.031],"ix":2},"a":{"a":0,"k":[0,0],"ix":1},"s":{"a":0,"k":[100,100],"ix":3},"r":{"a":0,"k":0,"ix":6},"o":{"a":0,"k":100,"ix":7},"sk":{"a":0,"k":0,"ix":4},"sa":{"a":0,"k":0,"ix":5},"nm":"Transform"}],"nm":"Group 3","np":2,"cix":2,"bm":0,"ix":3,"mn":"ADBE Vector Group","hd":false},{"ty":"gr","it":[{"ind":0,"ty":"sh","ix":1,"ks":{"a":0,"k":{"i":[[0,0],[0,0],[0,0],[0,0]],"o":[[0,0],[0,0],[0,0],[0,0]],"v":[[11.506,-4.326],[8.587,-4.326],[-11.506,4.326],[-8.587,4.326]],"c":true},"ix":2},"nm":"Path 1","mn":"ADBE Vector Shape - Group","hd":false},{"ty":"fl","c":{"a":0,"k":[0.919772518382,0.628802909103,0.357922273524,1],"ix":4},"o":{"a":0,"k":100,"ix":5},"r":1,"bm":0,"nm":"Fill 1","mn":"ADBE Vector Graphic - Fill","hd":false},{"ty":"tr","p":{"a":0,"k":[11.756,4.576],"ix":2},"a":{"a":0,"k":[0,0],"ix":1},"s":{"a":0,"k":[100,100],"ix":3},"r":{"a":0,"k":0,"ix":6},"o":{"a":0,"k":100,"ix":7},"sk":{"a":0,"k":0,"ix":4},"sa":{"a":0,"k":0,"ix":5},"nm":"Transform"}],"nm":"Group 4","np":2,"cix":2,"bm":0,"ix":4,"mn":"ADBE Vector Group","hd":false},{"ty":"gr","it":[{"ind":0,"ty":"sh","ix":1,"ks":{"a":0,"k":{"i":[[0,0],[0,0],[0,0],[0,0],[0,0]],"o":[[0,0],[0,0],[0,0],[0,0],[0,0]],"v":[[-12.686,-9.456],[-32.779,-0.805],[-13.458,9.456],[32.779,7.849],[32.779,-6.583]],"c":true},"ix":2},"nm":"Path 1","mn":"ADBE Vector Shape - Group","hd":false},{"ty":"fl","c":{"a":0,"k":[0.946385641659,0.669906975241,0.384989630007,1],"ix":4},"o":{"a":0,"k":100,"ix":5},"r":1,"bm":0,"nm":"Fill 1","mn":"ADBE Vector Graphic - Fill","hd":false},{"ty":"tr","p":{"a":0,"k":[35.947,9.706],"ix":2},"a":{"a":0,"k":[0,0],"ix":1},"s":{"a":0,"k":[100,100],"ix":3},"r":{"a":0,"k":0,"ix":6},"o":{"a":0,"k":100,"ix":7},"sk":{"a":0,"k":0,"ix":4},"sa":{"a":0,"k":0,"ix":5},"nm":"Transform"}],"nm":"Group 5","np":2,"cix":2,"bm":0,"ix":5,"mn":"ADBE Vector Group","hd":false}],"ip":54,"op":240,"st":54,"bm":0},{"ddd":0,"ind":8,"ty":4,"nm":"Layer 6 Outlines","parent":1,"sr":1,"ks":{"o":{"a":0,"k":100,"ix":11},"r":{"a":1,"k":[{"i":{"x":[0.667],"y":[1]},"o":{"x":[0.333],"y":[0]},"t":0,"s":[0]},{"i":{"x":[0.667],"y":[1]},"o":{"x":[0.333],"y":[0]},"t":120,"s":[1]},{"t":240,"s":[0]}],"ix":10},"p":{"a":0,"k":[-146.441,142.384,0],"ix":2},"a":{"a":0,"k":[34.048,48.08,0],"ix":1},"s":{"a":1,"k":[{"i":{"x":[0.667,0.667,0.667],"y":[1,1,1]},"o":{"x":[0.333,0.333,0.333],"y":[0,0,0]},"t":0,"s":[100,100,100]},{"i":{"x":[0.667,0.667,0.667],"y":[1,1,1]},"o":{"x":[0.333,0.333,0.333],"y":[0,0,0]},"t":120,"s":[103,103,100]},{"t":240,"s":[100,100,100]}],"ix":6}},"ao":0,"shapes":[{"ty":"gr","it":[{"ind":0,"ty":"sh","ix":1,"ks":{"a":0,"k":{"i":[[0,0],[0,0],[18.592,-3.221],[4.828,3.009],[6.164,1.352],[4.938,-4.258],[1.274,0.424],[8.785,0.56],[5.19,-10.389],[0.66,0.087],[2.3,-1.018],[2.812,-1.005],[-2.946,-3.754]],"o":[[0,0],[0,0],[-11.734,2.035],[8.939,-3.381],[-5.882,-1.29],[-1.032,-0.531],[10.567,-9.87],[-8.618,-0.551],[-0.598,-0.119],[-2.689,-0.356],[-1.145,-4.31],[-2.839,1.014],[-8.161,5.424]],"v":[[-40.513,24.279],[40.513,24.809],[14.429,12.969],[-6.019,8.926],[9.998,-1.396],[-8.841,7.301],[-12.273,5.853],[9.397,-24.257],[-15.319,5.051],[-17.204,4.741],[-24.701,5.891],[-30.774,-2.346],[-27.458,7.417]],"c":true},"ix":2},"nm":"Path 1","mn":"ADBE Vector Shape - Group","hd":false},{"ty":"fl","c":{"a":0,"k":[0.553301702761,0.726740100337,0.520751354741,1],"ix":4},"o":{"a":0,"k":100,"ix":5},"r":1,"bm":0,"nm":"Fill 1","mn":"ADBE Vector Graphic - Fill","hd":false},{"ty":"tr","p":{"a":0,"k":[40.763,25.059],"ix":2},"a":{"a":0,"k":[0,0],"ix":1},"s":{"a":0,"k":[100,100],"ix":3},"r":{"a":0,"k":0,"ix":6},"o":{"a":0,"k":100,"ix":7},"sk":{"a":0,"k":0,"ix":4},"sa":{"a":0,"k":0,"ix":5},"nm":"Transform"}],"nm":"Group 1","np":2,"cix":2,"bm":0,"ix":1,"mn":"ADBE Vector Group","hd":false}],"ip":0,"op":729,"st":0,"bm":0},{"ddd":0,"ind":9,"ty":4,"nm":"Layer 19 Outlines","parent":1,"sr":1,"ks":{"o":{"a":0,"k":100,"ix":11},"r":{"a":1,"k":[{"i":{"x":[0.667],"y":[1]},"o":{"x":[0.333],"y":[0]},"t":0,"s":[0]},{"i":{"x":[0.667],"y":[1]},"o":{"x":[0.333],"y":[0]},"t":120,"s":[1]},{"t":240,"s":[0]}],"ix":10},"p":{"a":0,"k":[219.345,142.998,0],"ix":2},"a":{"a":0,"k":[56.885,35.176,0],"ix":1},"s":{"a":1,"k":[{"i":{"x":[0.667,0.667,0.667],"y":[1,1,1]},"o":{"x":[0.333,0.333,0.333],"y":[0,0,0]},"t":0,"s":[100,100,100]},{"i":{"x":[0.667,0.667,0.667],"y":[1,1,1]},"o":{"x":[0.333,0.333,0.333],"y":[0,0,0]},"t":120,"s":[103,103,100]},{"t":240,"s":[100,100,100]}],"ix":6}},"ao":0,"shapes":[{"ty":"gr","it":[{"ind":0,"ty":"sh","ix":1,"ks":{"a":0,"k":{"i":[[5.355,-22.019],[0,0],[0,0],[-18.488,-0.047],[-24.213,5.971],[-6.051,3.091]],"o":[[0,0],[0,0],[0,0],[18.486,0.046],[7.169,-1.769],[13.788,4.917]],"v":[[51.28,18.139],[-56.491,18.107],[-56.635,18.081],[-28.655,5.053],[13.812,-10.464],[33.853,-18.139]],"c":true},"ix":2},"nm":"Path 1","mn":"ADBE Vector Shape - Group","hd":false},{"ty":"fl","c":{"a":0,"k":[0.686249078489,0.835057995366,0.653602630017,1],"ix":4},"o":{"a":0,"k":100,"ix":5},"r":1,"bm":0,"nm":"Fill 1","mn":"ADBE Vector Graphic - Fill","hd":false},{"ty":"tr","p":{"a":0,"k":[56.885,18.39],"ix":2},"a":{"a":0,"k":[0,0],"ix":1},"s":{"a":0,"k":[100,100],"ix":3},"r":{"a":0,"k":0,"ix":6},"o":{"a":0,"k":100,"ix":7},"sk":{"a":0,"k":0,"ix":4},"sa":{"a":0,"k":0,"ix":5},"nm":"Transform"}],"nm":"Group 1","np":2,"cix":2,"bm":0,"ix":1,"mn":"ADBE Vector Group","hd":false}],"ip":0,"op":729,"st":0,"bm":0},{"ddd":0,"ind":10,"ty":4,"nm":"Layer 35 Outlines","parent":1,"sr":1,"ks":{"o":{"a":0,"k":100,"ix":11},"r":{"a":1,"k":[{"i":{"x":[0.667],"y":[1]},"o":{"x":[0.333],"y":[0]},"t":0,"s":[0]},{"i":{"x":[0.667],"y":[1]},"o":{"x":[0.333],"y":[0]},"t":120,"s":[1]},{"t":240,"s":[0]}],"ix":10},"p":{"a":0,"k":[102.075,142.385,0],"ix":2},"a":{"a":0,"k":[45.219,41.689,0],"ix":1},"s":{"a":1,"k":[{"i":{"x":[0.667,0.667,0.667],"y":[1,1,1]},"o":{"x":[0.333,0.333,0.333],"y":[0,0,0]},"t":0,"s":[100,100,100]},{"i":{"x":[0.667,0.667,0.667],"y":[1,1,1]},"o":{"x":[0.333,0.333,0.333],"y":[0,0,0]},"t":120,"s":[103,103,100]},{"t":240,"s":[100,100,100]}],"ix":6}},"ao":0,"shapes":[{"ty":"gr","it":[{"ind":0,"ty":"sh","ix":1,"ks":{"a":0,"k":{"i":[[8.597,3.222],[4.135,2.264],[3.063,-3.404],[0.16,0.022],[0.804,0.004],[5.543,1.583],[2.114,-10.606],[6.544,-1.889],[11.152,-0.277],[-9.851,-8.159],[2.241,0.105],[0,0],[0,0]],"o":[[5.91,-1.853],[-4.429,-2.424],[-0.159,-0.026],[-0.783,-0.112],[5.836,-9.355],[-5.974,-1.707],[-5.838,1.267],[-2.311,-8.41],[-11.712,0.29],[-2.202,0.357],[-14.321,-0.666],[0,0],[2.888,-4.578]],"v":[[26.659,5.051],[36.038,-2.081],[22.9,4.044],[22.421,3.97],[20.042,3.802],[26.844,-19.588],[14.477,4.453],[-4.184,10.442],[-22.972,-10.232],[-10.21,11.829],[-16.878,12.253],[-40.173,21.295],[36.743,21.294]],"c":true},"ix":2},"nm":"Path 1","mn":"ADBE Vector Shape - Group","hd":false},{"ty":"fl","c":{"a":0,"k":[0.686249078489,0.835057995366,0.653602630017,1],"ix":4},"o":{"a":0,"k":100,"ix":5},"r":1,"bm":0,"nm":"Fill 1","mn":"ADBE Vector Graphic - Fill","hd":false},{"ty":"tr","p":{"a":0,"k":[40.422,21.545],"ix":2},"a":{"a":0,"k":[0,0],"ix":1},"s":{"a":0,"k":[100,100],"ix":3},"r":{"a":0,"k":0,"ix":6},"o":{"a":0,"k":100,"ix":7},"sk":{"a":0,"k":0,"ix":4},"sa":{"a":0,"k":0,"ix":5},"nm":"Transform"}],"nm":"Group 1","np":2,"cix":2,"bm":0,"ix":1,"mn":"ADBE Vector Group","hd":false}],"ip":0,"op":729,"st":0,"bm":0},{"ddd":0,"ind":11,"ty":4,"nm":"Layer 20 Outlines","parent":1,"sr":1,"ks":{"o":{"a":0,"k":100,"ix":11},"r":{"a":0,"k":0,"ix":10},"p":{"a":0,"k":[-64.559,129.642,0],"ix":2},"a":{"a":0,"k":[18.611,14.145,0],"ix":1},"s":{"a":0,"k":[100,100,100],"ix":6}},"ao":0,"shapes":[{"ty":"gr","it":[{"ind":0,"ty":"sh","ix":1,"ks":{"a":0,"k":{"i":[[0,0.477],[-0.476,0],[0,-0.478],[0.477,0]],"o":[[0,-0.478],[0.477,0],[0,0.477],[-0.476,0]],"v":[[-0.863,0],[-0.001,-0.863],[0.863,0],[-0.001,0.863]],"c":true},"ix":2},"nm":"Path 1","mn":"ADBE Vector Shape - Group","hd":false},{"ty":"fl","c":{"a":0,"k":[0.258224517224,0.313142574535,0.443821536793,1],"ix":4},"o":{"a":0,"k":100,"ix":5},"r":1,"bm":0,"nm":"Fill 1","mn":"ADBE Vector Graphic - Fill","hd":false},{"ty":"tr","p":{"a":0,"k":[16.807,12.275],"ix":2},"a":{"a":0,"k":[0,0],"ix":1},"s":{"a":0,"k":[100,100],"ix":3},"r":{"a":0,"k":0,"ix":6},"o":{"a":0,"k":100,"ix":7},"sk":{"a":0,"k":0,"ix":4},"sa":{"a":0,"k":0,"ix":5},"nm":"Transform"}],"nm":"Group 1","np":2,"cix":2,"bm":0,"ix":1,"mn":"ADBE Vector Group","hd":false},{"ty":"gr","it":[{"ind":0,"ty":"sh","ix":1,"ks":{"a":0,"k":{"i":[[0,-1.554],[0,0],[1.554,0],[0,0],[0,1.554],[0,0],[-1.553,0],[0,0]],"o":[[0,0],[0,1.554],[0,0],[-1.553,0],[0,0],[0,-1.554],[0,0],[1.554,0]],"v":[[17.066,-2.782],[17.066,2.781],[14.241,5.607],[-14.243,5.607],[-17.066,2.781],[-17.066,-2.782],[-14.243,-5.607],[14.241,-5.607]],"c":true},"ix":2},"nm":"Path 1","mn":"ADBE Vector Shape - Group","hd":false},{"ty":"fl","c":{"a":0,"k":[0.277280171712,0.357457658356,0.58728093166,1],"ix":4},"o":{"a":0,"k":100,"ix":5},"r":1,"bm":0,"nm":"Fill 1","mn":"ADBE Vector Graphic - Fill","hd":false},{"ty":"tr","p":{"a":0,"k":[17.316,8.858],"ix":2},"a":{"a":0,"k":[0,0],"ix":1},"s":{"a":0,"k":[100,100],"ix":3},"r":{"a":0,"k":0,"ix":6},"o":{"a":0,"k":100,"ix":7},"sk":{"a":0,"k":0,"ix":4},"sa":{"a":0,"k":0,"ix":5},"nm":"Transform"}],"nm":"Group 2","np":2,"cix":2,"bm":0,"ix":2,"mn":"ADBE Vector Group","hd":false},{"ty":"gr","it":[{"ind":0,"ty":"sh","ix":1,"ks":{"a":0,"k":{"i":[[0,-1.554],[0,0],[1.554,0],[0,0],[0,1.554],[0,0],[-1.553,0],[0,0]],"o":[[0,0],[0,1.554],[0,0],[-1.553,0],[0,0],[0,-1.554],[0,0],[1.554,0]],"v":[[17.066,-2.782],[17.066,2.78],[14.241,5.606],[-14.243,5.606],[-17.066,2.78],[-17.066,-2.782],[-14.243,-5.606],[14.241,-5.606]],"c":true},"ix":2},"nm":"Path 1","mn":"ADBE Vector Shape - Group","hd":false},{"ty":"fl","c":{"a":0,"k":[0.258224517224,0.313142574535,0.443821536793,1],"ix":4},"o":{"a":0,"k":100,"ix":5},"r":1,"bm":0,"nm":"Fill 1","mn":"ADBE Vector Graphic - Fill","hd":false},{"ty":"tr","p":{"a":0,"k":[17.316,9.642],"ix":2},"a":{"a":0,"k":[0,0],"ix":1},"s":{"a":0,"k":[100,100],"ix":3},"r":{"a":0,"k":0,"ix":6},"o":{"a":0,"k":100,"ix":7},"sk":{"a":0,"k":0,"ix":4},"sa":{"a":0,"k":0,"ix":5},"nm":"Transform"}],"nm":"Group 3","np":2,"cix":2,"bm":0,"ix":3,"mn":"ADBE Vector Group","hd":false},{"ty":"gr","it":[{"ind":0,"ty":"sh","ix":1,"ks":{"a":0,"k":{"i":[[-0.022,0.026],[-1.518,0],[-0.078,-0.111],[0,0],[3.209,0],[1.589,-1.878]],"o":[[1.822,-2.153],[3.715,0],[0,0],[-0.067,-0.095],[-1.319,0],[-0.102,0.122]],"v":[[-5.779,1.439],[-0.066,-1.562],[5.801,1.439],[4.896,1.501],[0.15,-0.444],[-4.693,1.439]],"c":true},"ix":2},"nm":"Path 1","mn":"ADBE Vector Shape - Group","hd":false},{"ty":"fl","c":{"a":0,"k":[0.258224517224,0.313142574535,0.443821536793,1],"ix":4},"o":{"a":0,"k":100,"ix":5},"r":1,"bm":0,"nm":"Fill 1","mn":"ADBE Vector Graphic - Fill","hd":false},{"ty":"tr","p":{"a":0,"k":[16.871,1.812],"ix":2},"a":{"a":0,"k":[0,0],"ix":1},"s":{"a":0,"k":[100,100],"ix":3},"r":{"a":0,"k":0,"ix":6},"o":{"a":0,"k":100,"ix":7},"sk":{"a":0,"k":0,"ix":4},"sa":{"a":0,"k":0,"ix":5},"nm":"Transform"}],"nm":"Group 4","np":2,"cix":2,"bm":0,"ix":4,"mn":"ADBE Vector Group","hd":false},{"ty":"gr","it":[{"ind":0,"ty":"sh","ix":1,"ks":{"a":0,"k":{"i":[[0,-1.554],[0,0],[1.554,0],[0,0],[0,1.553],[0,0],[-1.553,0],[0,0]],"o":[[0,0],[0,1.553],[0,0],[-1.553,0],[0,0],[0,-1.554],[0,0],[1.554,0]],"v":[[17.066,-9.569],[17.066,9.569],[14.241,12.394],[-14.243,12.394],[-17.066,9.569],[-17.066,-9.569],[-14.243,-12.394],[14.241,-12.394]],"c":true},"ix":2},"nm":"Path 1","mn":"ADBE Vector Shape - Group","hd":false},{"ty":"fl","c":{"a":0,"k":[0.277280171712,0.357457658356,0.58728093166,1],"ix":4},"o":{"a":0,"k":100,"ix":5},"r":1,"bm":0,"nm":"Fill 1","mn":"ADBE Vector Graphic - Fill","hd":false},{"ty":"tr","p":{"a":0,"k":[17.316,15.645],"ix":2},"a":{"a":0,"k":[0,0],"ix":1},"s":{"a":0,"k":[100,100],"ix":3},"r":{"a":0,"k":0,"ix":6},"o":{"a":0,"k":100,"ix":7},"sk":{"a":0,"k":0,"ix":4},"sa":{"a":0,"k":0,"ix":5},"nm":"Transform"}],"nm":"Group 5","np":2,"cix":2,"bm":0,"ix":5,"mn":"ADBE Vector Group","hd":false},{"ty":"gr","it":[{"ind":0,"ty":"sh","ix":1,"ks":{"a":0,"k":{"i":[[6.816,0],[0,0],[0,6.817],[-6.816,0],[0,0],[0,-6.816]],"o":[[0,0],[-6.816,0],[0,-6.816],[0,0],[6.816,0],[0,6.817]],"v":[[4.674,12.393],[-4.674,12.393],[-17.067,-0.001],[-4.674,-12.393],[4.673,-12.393],[17.067,-0.001]],"c":true},"ix":2},"nm":"Path 1","mn":"ADBE Vector Shape - Group","hd":false},{"ty":"fl","c":{"a":0,"k":[0.258224517224,0.313142574535,0.443821536793,1],"ix":4},"o":{"a":0,"k":100,"ix":5},"r":1,"bm":0,"nm":"Fill 1","mn":"ADBE Vector Graphic - Fill","hd":false},{"ty":"tr","p":{"a":0,"k":[19.906,15.645],"ix":2},"a":{"a":0,"k":[0,0],"ix":1},"s":{"a":0,"k":[100,100],"ix":3},"r":{"a":0,"k":0,"ix":6},"o":{"a":0,"k":100,"ix":7},"sk":{"a":0,"k":0,"ix":4},"sa":{"a":0,"k":0,"ix":5},"nm":"Transform"}],"nm":"Group 6","np":2,"cix":2,"bm":0,"ix":6,"mn":"ADBE Vector Group","hd":false}],"ip":0,"op":729,"st":0,"bm":0},{"ddd":0,"ind":12,"ty":4,"nm":"TIE","parent":21,"sr":1,"ks":{"o":{"a":0,"k":100,"ix":11},"r":{"a":0,"k":0,"ix":10},"p":{"a":0,"k":[28.812,5.605,0],"ix":2},"a":{"a":0,"k":[15.214,6.847,0],"ix":1},"s":{"a":0,"k":[100,100,100],"ix":6}},"ao":0,"shapes":[{"ty":"gr","it":[{"ind":0,"ty":"sh","ix":1,"ks":{"a":0,"k":{"i":[[0.294,-8.055],[1.248,-1.276],[0,0],[0.463,0.53],[0,0],[-0.047,1.107],[-0.118,4.579],[-0.412,5.89],[-0.372,-3.176]],"o":[[-0.066,1.782],[0,0],[-0.493,0.504],[0,0],[-0.729,-0.833],[0.11,-2.464],[4.348,-5.431],[0.687,2.863],[0,0]],"v":[[4.655,11.27],[2.614,16.023],[0.654,18.028],[-1.119,17.979],[-3.841,14.872],[-4.902,11.849],[-4.476,0.058],[1.781,-18.532],[3.415,-9.438]],"c":true},"ix":2},"nm":"Path 1","mn":"ADBE Vector Shape - Group","hd":false},{"ty":"fl","c":{"a":0,"k":[0.754363953833,0.376204816033,0.344788914101,1],"ix":4},"o":{"a":0,"k":100,"ix":5},"r":1,"bm":0,"nm":"Fill 1","mn":"ADBE Vector Graphic - Fill","hd":false},{"ty":"tr","p":{"a":0,"k":[21.391,46.711],"ix":2},"a":{"a":0,"k":[0,0],"ix":1},"s":{"a":0,"k":[100,100],"ix":3},"r":{"a":0,"k":0,"ix":6},"o":{"a":0,"k":100,"ix":7},"sk":{"a":0,"k":0,"ix":4},"sa":{"a":0,"k":0,"ix":5},"nm":"Transform"}],"nm":"Group 1","np":2,"cix":2,"bm":0,"ix":1,"mn":"ADBE Vector Group","hd":false},{"ty":"gr","it":[{"ind":0,"ty":"sh","ix":1,"ks":{"a":0,"k":{"i":[[1.422,1.781],[-0.011,2.207],[-0.969,-1.076],[1.08,-2.198]],"o":[[0,0],[0,0],[0,0],[0,0]],"v":[[-3.723,0.993],[-0.277,-3.25],[2.91,-2.452],[2.643,3.528]],"c":true},"ix":2},"nm":"Path 1","mn":"ADBE Vector Shape - Group","hd":false},{"ty":"fl","c":{"a":0,"k":[0.938589537377,0.631239049575,0.367098251044,1],"ix":4},"o":{"a":0,"k":100,"ix":5},"r":1,"bm":0,"nm":"Fill 1","mn":"ADBE Vector Graphic - Fill","hd":false},{"ty":"tr","p":{"a":0,"k":[17.829,4.807],"ix":2},"a":{"a":0,"k":[0,0],"ix":1},"s":{"a":0,"k":[100,100],"ix":3},"r":{"a":0,"k":0,"ix":6},"o":{"a":0,"k":100,"ix":7},"sk":{"a":0,"k":0,"ix":4},"sa":{"a":0,"k":0,"ix":5},"nm":"Transform"}],"nm":"Group 2","np":2,"cix":2,"bm":0,"ix":2,"mn":"ADBE Vector Group","hd":false},{"ty":"gr","it":[{"ind":0,"ty":"sh","ix":1,"ks":{"a":0,"k":{"i":[[0.214,4.311],[0,0],[-6.483,-0.094],[2.178,-0.931]],"o":[[-0.036,-0.726],[0,0],[0,0],[0,0]],"v":[[-6.892,-3.31],[-3.49,-5.038],[6.928,0.511],[2.903,5.038]],"c":true},"ix":2},"nm":"Path 1","mn":"ADBE Vector Shape - Group","hd":false},{"ty":"fl","c":{"a":0,"k":[0.938589537377,0.631239049575,0.367098251044,1],"ix":4},"o":{"a":0,"k":100,"ix":5},"r":1,"bm":0,"nm":"Fill 1","mn":"ADBE Vector Graphic - Fill","hd":false},{"ty":"tr","p":{"a":0,"k":[7.178,5.289],"ix":2},"a":{"a":0,"k":[0,0],"ix":1},"s":{"a":0,"k":[100,100],"ix":3},"r":{"a":0,"k":0,"ix":6},"o":{"a":0,"k":100,"ix":7},"sk":{"a":0,"k":0,"ix":4},"sa":{"a":0,"k":0,"ix":5},"nm":"Transform"}],"nm":"Group 3","np":2,"cix":2,"bm":0,"ix":3,"mn":"ADBE Vector Group","hd":false},{"ty":"gr","it":[{"ind":0,"ty":"sh","ix":1,"ks":{"a":0,"k":{"i":[[-1.102,1.535],[0,0],[0.017,-0.758],[0.573,-0.177]],"o":[[0,0],[0,0],[-0.017,0.759],[-0.574,0.178]],"v":[[-2.082,-0.955],[2.575,-2.071],[3.167,-1.26],[1.282,1.893]],"c":true},"ix":2},"nm":"Path 1","mn":"ADBE Vector Shape - Group","hd":false},{"ty":"fl","c":{"a":0,"k":[0.754363953833,0.376204816033,0.344788914101,1],"ix":4},"o":{"a":0,"k":100,"ix":5},"r":1,"bm":0,"nm":"Fill 1","mn":"ADBE Vector Graphic - Fill","hd":false},{"ty":"tr","p":{"a":0,"k":[13.856,7.359],"ix":2},"a":{"a":0,"k":[0,0],"ix":1},"s":{"a":0,"k":[100,100],"ix":3},"r":{"a":0,"k":0,"ix":6},"o":{"a":0,"k":100,"ix":7},"sk":{"a":0,"k":0,"ix":4},"sa":{"a":0,"k":0,"ix":5},"nm":"Transform"}],"nm":"Group 4","np":2,"cix":2,"bm":0,"ix":4,"mn":"ADBE Vector Group","hd":false},{"ty":"gr","it":[{"ind":0,"ty":"sh","ix":1,"ks":{"a":0,"k":{"i":[[0.294,-8.055],[1.248,-1.276],[0,0],[0.463,0.53],[0,0],[-0.047,1.107],[-0.118,4.579],[0.096,2.184],[0,0],[0,0],[-2.788,-11.629],[-0.372,-3.176]],"o":[[-0.066,1.782],[0,0],[-0.493,0.504],[0,0],[-0.729,-0.833],[0.11,-2.464],[0.096,-3.71],[-0.309,-6.975],[0,0],[0,0],[0.687,2.863],[0,0]],"v":[[5.823,21.291],[3.782,26.044],[1.822,28.049],[0.049,28],[-2.673,24.893],[-3.734,21.87],[-3.309,10.079],[-3.264,0.583],[-6.117,-28.553],[-4.44,-28.553],[2.949,-8.511],[4.583,0.583]],"c":true},"ix":2},"nm":"Path 1","mn":"ADBE Vector Shape - Group","hd":false},{"ty":"fl","c":{"a":0,"k":[0.798430977616,0.398587095971,0.35731754677,1],"ix":4},"o":{"a":0,"k":100,"ix":5},"r":1,"bm":0,"nm":"Fill 1","mn":"ADBE Vector Graphic - Fill","hd":false},{"ty":"tr","p":{"a":0,"k":[20.224,36.689],"ix":2},"a":{"a":0,"k":[0,0],"ix":1},"s":{"a":0,"k":[100,100],"ix":3},"r":{"a":0,"k":0,"ix":6},"o":{"a":0,"k":100,"ix":7},"sk":{"a":0,"k":0,"ix":4},"sa":{"a":0,"k":0,"ix":5},"nm":"Transform"}],"nm":"Group 5","np":2,"cix":2,"bm":0,"ix":5,"mn":"ADBE Vector Group","hd":false},{"ty":"gr","it":[{"ind":0,"ty":"sh","ix":1,"ks":{"a":0,"k":{"i":[[1.422,1.781],[-0.011,2.207],[-0.969,-1.076],[1.08,-2.198]],"o":[[0,0],[0,0],[0,0],[0,0]],"v":[[-3.723,0.993],[-0.277,-3.25],[2.91,-2.452],[2.643,3.528]],"c":true},"ix":2},"nm":"Path 1","mn":"ADBE Vector Shape - Group","hd":false},{"ty":"fl","c":{"a":0,"k":[0.902772910922,0.564709233303,0.311696879069,1],"ix":4},"o":{"a":0,"k":100,"ix":5},"r":1,"bm":0,"nm":"Fill 1","mn":"ADBE Vector Graphic - Fill","hd":false},{"ty":"tr","p":{"a":0,"k":[17.829,5.739],"ix":2},"a":{"a":0,"k":[0,0],"ix":1},"s":{"a":0,"k":[100,100],"ix":3},"r":{"a":0,"k":0,"ix":6},"o":{"a":0,"k":100,"ix":7},"sk":{"a":0,"k":0,"ix":4},"sa":{"a":0,"k":0,"ix":5},"nm":"Transform"}],"nm":"Group 6","np":2,"cix":2,"bm":0,"ix":6,"mn":"ADBE Vector Group","hd":false},{"ty":"gr","it":[{"ind":0,"ty":"sh","ix":1,"ks":{"a":0,"k":{"i":[[0.214,4.311],[0,0],[-6.483,-0.094],[2.178,-0.931]],"o":[[-0.036,-0.726],[0,0],[0,0],[0,0]],"v":[[-6.892,-3.31],[-3.49,-5.038],[6.928,0.512],[2.903,5.038]],"c":true},"ix":2},"nm":"Path 1","mn":"ADBE Vector Shape - Group","hd":false},{"ty":"fl","c":{"a":0,"k":[0.902772910922,0.564709233303,0.311696879069,1],"ix":4},"o":{"a":0,"k":100,"ix":5},"r":1,"bm":0,"nm":"Fill 1","mn":"ADBE Vector Graphic - Fill","hd":false},{"ty":"tr","p":{"a":0,"k":[7.178,6.348],"ix":2},"a":{"a":0,"k":[0,0],"ix":1},"s":{"a":0,"k":[100,100],"ix":3},"r":{"a":0,"k":0,"ix":6},"o":{"a":0,"k":100,"ix":7},"sk":{"a":0,"k":0,"ix":4},"sa":{"a":0,"k":0,"ix":5},"nm":"Transform"}],"nm":"Group 7","np":2,"cix":2,"bm":0,"ix":7,"mn":"ADBE Vector Group","hd":false}],"ip":0,"op":729,"st":0,"bm":0},{"ddd":0,"ind":13,"ty":4,"nm":"right arm","parent":1,"sr":1,"ks":{"o":{"a":0,"k":100,"ix":11},"r":{"a":0,"k":0,"ix":10},"p":{"a":0,"k":[-37.085,-21.669,0],"ix":2},"a":{"a":0,"k":[25.831,13.609,0],"ix":1},"s":{"a":0,"k":[100,100,100],"ix":6}},"ao":0,"shapes":[{"ty":"gr","it":[{"ind":0,"ty":"sh","ix":1,"ks":{"a":0,"k":{"i":[[0,0],[4.552,-2.668],[0,-4.002],[0,0],[-0.118,5.296],[-0.471,1.53],[0,0]],"o":[[0,0],[-2.945,1.726],[0,4.002],[0,0],[0,0],[0.295,-0.961],[0,0]],"v":[[16.469,-27.748],[3.54,-24.472],[-16.469,8.445],[1.451,26.643],[4.895,22.451],[-3.574,7.708],[9.896,-3.822]],"c":true},"ix":2},"nm":"Path 1","mn":"ADBE Vector Shape - Group","hd":false},{"ty":"fl","c":{"a":0,"k":[0.938589537377,0.631239049575,0.367098251044,1],"ix":4},"o":{"a":0,"k":100,"ix":5},"r":1,"bm":0,"nm":"Fill 1","mn":"ADBE Vector Graphic - Fill","hd":false},{"ty":"tr","p":{"a":0,"k":[16.718,27.998],"ix":2},"a":{"a":0,"k":[0,0],"ix":1},"s":{"a":0,"k":[100,100],"ix":3},"r":{"a":0,"k":0,"ix":6},"o":{"a":0,"k":100,"ix":7},"sk":{"a":0,"k":0,"ix":4},"sa":{"a":0,"k":0,"ix":5},"nm":"Transform"}],"nm":"Group 1","np":2,"cix":2,"bm":0,"ix":1,"mn":"ADBE Vector Group","hd":false}],"ip":0,"op":729,"st":0,"bm":0},{"ddd":0,"ind":14,"ty":4,"nm":"right hand","parent":1,"sr":1,"ks":{"o":{"a":0,"k":100,"ix":11},"r":{"a":0,"k":0,"ix":10},"p":{"a":0,"k":[-42.185,18.301,0],"ix":2},"a":{"a":0,"k":[2.387,5.411,0],"ix":1},"s":{"a":0,"k":[100,100,100],"ix":6}},"ao":0,"shapes":[{"ty":"gr","it":[{"ind":0,"ty":"sh","ix":1,"ks":{"a":0,"k":{"i":[[0,0],[-2.117,-0.523],[0.285,-1.221],[0.929,0.143],[0.608,-0.525],[0.591,1.417]],"o":[[0,0],[2.118,0.524],[-0.284,1.22],[-0.929,-0.144],[-0.609,0.524],[-0.591,-1.418]],"v":[[-7.41,0.407],[1.54,-3.2],[7.967,0.542],[1.417,2.452],[-1.619,3.002],[-7.661,2.305]],"c":true},"ix":2},"nm":"Path 1","mn":"ADBE Vector Shape - Group","hd":false},{"ty":"fl","c":{"a":0,"k":[0.982636335784,0.719540225758,0.537032362994,1],"ix":4},"o":{"a":0,"k":100,"ix":5},"r":1,"bm":0,"nm":"Fill 1","mn":"ADBE Vector Graphic - Fill","hd":false},{"ty":"tr","p":{"a":0,"k":[8.502,3.973],"ix":2},"a":{"a":0,"k":[0,0],"ix":1},"s":{"a":0,"k":[100,100],"ix":3},"r":{"a":0,"k":0,"ix":6},"o":{"a":0,"k":100,"ix":7},"sk":{"a":0,"k":0,"ix":4},"sa":{"a":0,"k":0,"ix":5},"nm":"Transform"}],"nm":"Group 1","np":2,"cix":2,"bm":0,"ix":1,"mn":"ADBE Vector Group","hd":false}],"ip":0,"op":729,"st":0,"bm":0},{"ddd":0,"ind":15,"ty":4,"nm":"Layer 24 Outlines","parent":21,"sr":1,"ks":{"o":{"a":0,"k":100,"ix":11},"r":{"a":0,"k":0,"ix":10},"p":{"a":0,"k":[9.694,43.316,0],"ix":2},"a":{"a":0,"k":[5.526,18.645,0],"ix":1},"s":{"a":0,"k":[100,100,100],"ix":6}},"ao":0,"shapes":[{"ty":"gr","it":[{"ind":0,"ty":"sh","ix":1,"ks":{"a":0,"k":{"i":[[8.322,-10.147],[3.069,16.763],[-0.206,0.611],[-0.73,-2.823]],"o":[[0.598,-5.454],[0.21,-0.667],[0.931,-2.764],[2.269,8.771]],"v":[[-3.046,18.395],[-5.277,-13.711],[-4.652,-15.631],[0.965,-15.433]],"c":true},"ix":2},"nm":"Path 1","mn":"ADBE Vector Shape - Group","hd":false},{"ty":"fl","c":{"a":0,"k":[0.902772910922,0.564709233303,0.311696879069,1],"ix":4},"o":{"a":0,"k":100,"ix":5},"r":1,"bm":0,"nm":"Fill 1","mn":"ADBE Vector Graphic - Fill","hd":false},{"ty":"tr","p":{"a":0,"k":[5.526,18.645],"ix":2},"a":{"a":0,"k":[0,0],"ix":1},"s":{"a":0,"k":[100,100],"ix":3},"r":{"a":0,"k":0,"ix":6},"o":{"a":0,"k":100,"ix":7},"sk":{"a":0,"k":0,"ix":4},"sa":{"a":0,"k":0,"ix":5},"nm":"Transform"}],"nm":"Group 1","np":2,"cix":2,"bm":0,"ix":1,"mn":"ADBE Vector Group","hd":false}],"ip":0,"op":729,"st":0,"bm":0},{"ddd":0,"ind":16,"ty":4,"nm":"HAIR","parent":20,"sr":1,"ks":{"o":{"a":0,"k":100,"ix":11},"r":{"a":1,"k":[{"i":{"x":[0.667],"y":[1]},"o":{"x":[0.333],"y":[0]},"t":0,"s":[0]},{"i":{"x":[0.667],"y":[1]},"o":{"x":[0.333],"y":[0]},"t":60,"s":[2]},{"i":{"x":[0.667],"y":[1]},"o":{"x":[0.333],"y":[0]},"t":120,"s":[0]},{"i":{"x":[0.667],"y":[1]},"o":{"x":[0.333],"y":[0]},"t":180,"s":[2]},{"t":240,"s":[0]}],"ix":10},"p":{"a":0,"k":[6.918,-10.942,0],"ix":2},"a":{"a":0,"k":[12.881,12.364,0],"ix":1},"s":{"a":0,"k":[100,100,100],"ix":6}},"ao":0,"shapes":[{"ty":"gr","it":[{"ind":0,"ty":"sh","ix":1,"ks":{"a":0,"k":{"i":[[0,0.282],[4.329,1.882],[1.439,-0.758],[-0.219,0.318],[0.095,-0.641],[-0.018,-0.011],[0.471,-0.212],[-0.118,-0.211],[-0.022,-0.017],[-1.764,-2.004],[0,0],[0.386,2.122],[-2.315,0.965],[-2.026,1.64],[0.096,1.254]],"o":[[0,0],[-3.514,-1.528],[0.039,-0.232],[0,0],[-0.067,0.049],[0,0],[0,0],[0.012,0.023],[-5.482,2.648],[2.122,2.412],[0,0],[-0.386,-2.122],[2.315,-0.964],[2.025,-1.64],[2.757,-1.005]],"v":[[11.917,-8.421],[3.917,-10.586],[-5.471,-9.673],[-5.12,-10.539],[-5.861,-9.44],[-5.939,-9.346],[-7.144,-9.268],[-6.695,-9.104],[-6.644,-9.045],[-10.867,4.271],[-6.2,12.114],[-5.658,8.708],[-1.896,5.621],[0.517,0.316],[9.874,-1.613]],"c":true},"ix":2},"nm":"Path 1","mn":"ADBE Vector Shape - Group","hd":false},{"ty":"fl","c":{"a":0,"k":[0.258224517224,0.313142574535,0.443821536793,1],"ix":4},"o":{"a":0,"k":100,"ix":5},"r":1,"bm":0,"nm":"Fill 1","mn":"ADBE Vector Graphic - Fill","hd":false},{"ty":"tr","p":{"a":0,"k":[12.881,12.364],"ix":2},"a":{"a":0,"k":[0,0],"ix":1},"s":{"a":0,"k":[100,100],"ix":3},"r":{"a":0,"k":0,"ix":6},"o":{"a":0,"k":100,"ix":7},"sk":{"a":0,"k":0,"ix":4},"sa":{"a":0,"k":0,"ix":5},"nm":"Transform"}],"nm":"Group 1","np":2,"cix":2,"bm":0,"ix":1,"mn":"ADBE Vector Group","hd":false}],"ip":0,"op":729,"st":0,"bm":0},{"ddd":0,"ind":17,"ty":4,"nm":"Layer 27 Outlines","parent":1,"sr":1,"ks":{"o":{"a":0,"k":100,"ix":11},"r":{"a":0,"k":0,"ix":10},"p":{"a":0,"k":[-30.456,139.289,0],"ix":2},"a":{"a":0,"k":[6.253,4.496,0],"ix":1},"s":{"a":0,"k":[100,100,100],"ix":6}},"ao":0,"shapes":[{"ty":"gr","it":[{"ind":0,"ty":"sh","ix":1,"ks":{"a":0,"k":{"i":[[0,0],[1.139,2.278],[0,0],[0.31,-5.799]],"o":[[0,0],[-1.14,-2.278],[0,0],[0,0]],"v":[[6.004,4.246],[4.146,-1.968],[-4.244,-2.796],[-6.004,4.246]],"c":true},"ix":2},"nm":"Path 1","mn":"ADBE Vector Shape - Group","hd":false},{"ty":"fl","c":{"a":0,"k":[0.258224517224,0.313142574535,0.443821536793,1],"ix":4},"o":{"a":0,"k":100,"ix":5},"r":1,"bm":0,"nm":"Fill 1","mn":"ADBE Vector Graphic - Fill","hd":false},{"ty":"tr","p":{"a":0,"k":[6.253,4.496],"ix":2},"a":{"a":0,"k":[0,0],"ix":1},"s":{"a":0,"k":[100,100],"ix":3},"r":{"a":0,"k":0,"ix":6},"o":{"a":0,"k":100,"ix":7},"sk":{"a":0,"k":0,"ix":4},"sa":{"a":0,"k":0,"ix":5},"nm":"Transform"}],"nm":"Group 1","np":2,"cix":2,"bm":0,"ix":1,"mn":"ADBE Vector Group","hd":false}],"ip":0,"op":729,"st":0,"bm":0},{"ddd":0,"ind":18,"ty":4,"nm":"face","parent":20,"sr":1,"ks":{"o":{"a":0,"k":100,"ix":11},"r":{"a":0,"k":0,"ix":10},"p":{"a":0,"k":[7.365,-5.842,0],"ix":2},"a":{"a":0,"k":[11.418,13.116,0],"ix":1},"s":{"a":0,"k":[100,100,100],"ix":6}},"ao":0,"shapes":[{"ty":"gr","it":[{"ind":0,"ty":"sh","ix":1,"ks":{"a":0,"k":{"i":[[3.385,-0.903],[1.53,8.222],[-8.34,2.045],[-1.178,-2.62]],"o":[[0,0],[-1.53,-8.224],[8.34,-2.046],[1.178,2.621]],"v":[[7.784,10.206],[-6.91,4.643],[-2.829,-10.819],[8.911,-7.413]],"c":true},"ix":2},"nm":"Path 1","mn":"ADBE Vector Shape - Group","hd":false},{"ty":"fl","c":{"a":0,"k":[0.982636335784,0.719540225758,0.537032362994,1],"ix":4},"o":{"a":0,"k":100,"ix":5},"r":1,"bm":0,"nm":"Fill 1","mn":"ADBE Vector Graphic - Fill","hd":false},{"ty":"tr","p":{"a":0,"k":[11.418,13.116],"ix":2},"a":{"a":0,"k":[0,0],"ix":1},"s":{"a":0,"k":[100,100],"ix":3},"r":{"a":0,"k":0,"ix":6},"o":{"a":0,"k":100,"ix":7},"sk":{"a":0,"k":0,"ix":4},"sa":{"a":0,"k":0,"ix":5},"nm":"Transform"}],"nm":"Group 1","np":2,"cix":2,"bm":0,"ix":1,"mn":"ADBE Vector Group","hd":false}],"ip":0,"op":729,"st":0,"bm":0},{"ddd":0,"ind":19,"ty":4,"nm":"neck shadow","parent":20,"sr":1,"ks":{"o":{"a":0,"k":100,"ix":11},"r":{"a":0,"k":0,"ix":10},"p":{"a":0,"k":[7.896,4.631,0],"ix":2},"a":{"a":0,"k":[6.903,4.632,0],"ix":1},"s":{"a":0,"k":[100,100,100],"ix":6}},"ao":0,"shapes":[{"ty":"gr","it":[{"ind":0,"ty":"sh","ix":1,"ks":{"a":0,"k":{"i":[[0,0],[0,0],[1.381,0],[1.596,2.514],[0.147,0.949],[0,0]],"o":[[0,0],[-1.091,0.508],[-4.724,0],[0.013,-0.791],[0,0],[0,0]],"v":[[6.653,-3.887],[6.613,3.564],[2.909,4.382],[-6.465,-1.596],[-6.653,-4.176],[3.626,-4.382]],"c":true},"ix":2},"nm":"Path 1","mn":"ADBE Vector Shape - Group","hd":false},{"ty":"fl","c":{"a":0,"k":[0.92126937567,0.618001601275,0.422913704666,1],"ix":4},"o":{"a":0,"k":100,"ix":5},"r":1,"bm":0,"nm":"Fill 1","mn":"ADBE Vector Graphic - Fill","hd":false},{"ty":"tr","p":{"a":0,"k":[6.903,4.632],"ix":2},"a":{"a":0,"k":[0,0],"ix":1},"s":{"a":0,"k":[100,100],"ix":3},"r":{"a":0,"k":0,"ix":6},"o":{"a":0,"k":100,"ix":7},"sk":{"a":0,"k":0,"ix":4},"sa":{"a":0,"k":0,"ix":5},"nm":"Transform"}],"nm":"Group 1","np":2,"cix":2,"bm":0,"ix":1,"mn":"ADBE Vector Group","hd":false}],"ip":0,"op":729,"st":0,"bm":0},{"ddd":0,"ind":20,"ty":4,"nm":"NECK","parent":1,"sr":1,"ks":{"o":{"a":0,"k":100,"ix":11},"r":{"a":1,"k":[{"i":{"x":[0.667],"y":[1]},"o":{"x":[0.333],"y":[0]},"t":0,"s":[0]},{"i":{"x":[0.667],"y":[1]},"o":{"x":[0.333],"y":[0]},"t":60,"s":[3]},{"i":{"x":[0.667],"y":[1]},"o":{"x":[0.333],"y":[0]},"t":120,"s":[0]},{"i":{"x":[0.667],"y":[1]},"o":{"x":[0.333],"y":[0]},"t":180,"s":[3]},{"t":240,"s":[0]}],"ix":10},"p":{"a":0,"k":[-22.56,-36.838,0],"ix":2},"a":{"a":0,"k":[7.563,7.694,0],"ix":1},"s":{"a":0,"k":[100,100,100],"ix":6}},"ao":0,"shapes":[{"ty":"gr","it":[{"ind":0,"ty":"sh","ix":1,"ks":{"a":0,"k":{"i":[[0,0],[0,0],[5.305,-0.629],[-0.144,3.324],[-0.036,2.129],[0.148,0.948],[0,0],[0,0]],"o":[[0,0],[0,0],[-5.303,0.63],[0.478,-2.574],[0.013,-0.792],[0,0],[0,0],[0,0]],"v":[[6.946,0.5],[6.939,1.878],[2.008,6.815],[-7.17,1.811],[-6.132,-4.659],[-6.321,-7.24],[3.958,-7.444],[6.986,-6.949]],"c":true},"ix":2},"nm":"Path 1","mn":"ADBE Vector Shape - Group","hd":false},{"ty":"fl","c":{"a":0,"k":[0.982636335784,0.719540225758,0.537032362994,1],"ix":4},"o":{"a":0,"k":100,"ix":5},"r":1,"bm":0,"nm":"Fill 1","mn":"ADBE Vector Graphic - Fill","hd":false},{"ty":"tr","p":{"a":0,"k":[7.563,7.695],"ix":2},"a":{"a":0,"k":[0,0],"ix":1},"s":{"a":0,"k":[100,100],"ix":3},"r":{"a":0,"k":0,"ix":6},"o":{"a":0,"k":100,"ix":7},"sk":{"a":0,"k":0,"ix":4},"sa":{"a":0,"k":0,"ix":5},"nm":"Transform"}],"nm":"Group 1","np":2,"cix":2,"bm":0,"ix":1,"mn":"ADBE Vector Group","hd":false}],"ip":0,"op":729,"st":0,"bm":0},{"ddd":0,"ind":21,"ty":4,"nm":"COG","parent":1,"sr":1,"ks":{"o":{"a":0,"k":100,"ix":11},"r":{"a":0,"k":0,"ix":10},"p":{"a":0,"k":[-21.462,0.79,0],"ix":2},"a":{"a":0,"k":[25.311,36.066,0],"ix":1},"s":{"a":0,"k":[100,100,100],"ix":6}},"ao":0,"shapes":[{"ty":"gr","it":[{"ind":0,"ty":"sh","ix":1,"ks":{"a":0,"k":{"i":[[1.296,-0.023],[0.046,0],[0,0],[10.925,10.02],[-2.582,-11.831],[-0.453,-2.474],[0.598,-5.454],[-1.579,-1.133],[-5.749,-1.191],[-7.065,-0.045],[0,0],[-0.471,8.266],[0.071,7.252],[0,0]],"o":[[-1.844,-0.154],[0,0],[0,0],[-1.919,2.791],[0.608,2.781],[3.069,16.763],[-0.466,4.256],[0,0],[4.272,0.885],[11.238,0.071],[2.975,-2.909],[0.218,-3.816],[0,0],[-0.406,-1.137]],"v":[[9.028,-34.954],[5.711,-35.095],[5.709,-35.092],[-8.267,-35.816],[-22.479,-14.34],[-20.894,-6.462],[-18.663,25.645],[-19.315,31.461],[-10.494,34.029],[6.594,35.745],[22.086,31.943],[19.647,9.318],[19.6,-22.1],[11.533,-33.84]],"c":true},"ix":2},"nm":"Path 1","mn":"ADBE Vector Shape - Group","hd":false},{"ty":"fl","c":{"a":0,"k":[0.938589537377,0.631239049575,0.367098251044,1],"ix":4},"o":{"a":0,"k":100,"ix":5},"r":1,"bm":0,"nm":"Fill 1","mn":"ADBE Vector Graphic - Fill","hd":false},{"ty":"tr","p":{"a":0,"k":[25.311,36.067],"ix":2},"a":{"a":0,"k":[0,0],"ix":1},"s":{"a":0,"k":[100,100],"ix":3},"r":{"a":0,"k":0,"ix":6},"o":{"a":0,"k":100,"ix":7},"sk":{"a":0,"k":0,"ix":4},"sa":{"a":0,"k":0,"ix":5},"nm":"Transform"}],"nm":"Group 1","np":2,"cix":2,"bm":0,"ix":1,"mn":"ADBE Vector Group","hd":false}],"ip":0,"op":729,"st":0,"bm":0},{"ddd":0,"ind":22,"ty":4,"nm":"Layer 26 Outlines","parent":1,"sr":1,"ks":{"o":{"a":0,"k":100,"ix":11},"r":{"a":0,"k":0,"ix":10},"p":{"a":0,"k":[-26.818,82.715,0],"ix":2},"a":{"a":0,"k":[16.82,55.645,0],"ix":1},"s":{"a":0,"k":[100,100,100],"ix":6}},"ao":0,"shapes":[{"ty":"gr","it":[{"ind":0,"ty":"sh","ix":1,"ks":{"a":0,"k":{"i":[[0,0],[2.313,-14.511],[0.281,-5.491],[0,0],[6.218,-2.471],[0.999,21.654],[0.148,3.095],[-3.868,2.526]],"o":[[0,0],[-0.866,5.43],[-0.387,7.536],[0,0],[0,0],[-0.293,-6.346],[-0.732,-15.227],[3.867,-2.527]],"v":[[16.571,-50.178],[7.043,-3.518],[4.092,24.798],[1.221,55.395],[-9.189,55.219],[-11.759,23.229],[-10.974,4.253],[-12.703,-52.868]],"c":true},"ix":2},"nm":"Path 1","mn":"ADBE Vector Shape - Group","hd":false},{"ty":"fl","c":{"a":0,"k":[0.277280171712,0.357457658356,0.58728093166,1],"ix":4},"o":{"a":0,"k":100,"ix":5},"r":1,"bm":0,"nm":"Fill 1","mn":"ADBE Vector Graphic - Fill","hd":false},{"ty":"tr","p":{"a":0,"k":[16.82,55.646],"ix":2},"a":{"a":0,"k":[0,0],"ix":1},"s":{"a":0,"k":[100,100],"ix":3},"r":{"a":0,"k":0,"ix":6},"o":{"a":0,"k":100,"ix":7},"sk":{"a":0,"k":0,"ix":4},"sa":{"a":0,"k":0,"ix":5},"nm":"Transform"}],"nm":"Group 1","np":2,"cix":2,"bm":0,"ix":1,"mn":"ADBE Vector Group","hd":false}],"ip":0,"op":729,"st":0,"bm":0},{"ddd":0,"ind":23,"ty":4,"nm":"Layer 31 Outlines","parent":1,"sr":1,"ks":{"o":{"a":0,"k":100,"ix":11},"r":{"a":0,"k":0,"ix":10},"p":{"a":0,"k":[-1.255,85.86,0],"ix":2},"a":{"a":0,"k":[24.592,57.925,0],"ix":1},"s":{"a":0,"k":[100,100,100],"ix":6}},"ao":0,"shapes":[{"ty":"gr","it":[{"ind":0,"ty":"sh","ix":1,"ks":{"a":0,"k":{"i":[[-0.417,-3.792],[13.932,-9.71],[2.116,8.96],[-4.463,2.545],[-2.273,-0.492],[-1.006,-0.777]],"o":[[-1.641,8.211],[-2.408,-9.466],[3.797,-8.514],[3.185,0.389],[1.813,1.064],[0.353,1.765]],"v":[[13.556,-11.372],[-5.964,24.096],[-13.556,-5.584],[-0.43,-24.096],[8.099,-22.627],[12.271,-19.875]],"c":true},"ix":2},"nm":"Path 1","mn":"ADBE Vector Shape - Group","hd":false},{"ty":"fl","c":{"a":0,"k":[0.258224517224,0.313142574535,0.443821536793,1],"ix":4},"o":{"a":0,"k":100,"ix":5},"r":1,"bm":0,"nm":"Fill 1","mn":"ADBE Vector Graphic - Fill","hd":false},{"ty":"tr","p":{"a":0,"k":[13.806,24.346],"ix":2},"a":{"a":0,"k":[0,0],"ix":1},"s":{"a":0,"k":[100,100],"ix":3},"r":{"a":0,"k":0,"ix":6},"o":{"a":0,"k":100,"ix":7},"sk":{"a":0,"k":0,"ix":4},"sa":{"a":0,"k":0,"ix":5},"nm":"Transform"}],"nm":"Group 1","np":2,"cix":2,"bm":0,"ix":1,"mn":"ADBE Vector Group","hd":false},{"ty":"gr","it":[{"ind":0,"ty":"sh","ix":1,"ks":{"a":0,"k":{"i":[[3.15,1.188],[-0.471,8.828],[0.322,1.779],[0.405,1.792],[0.859,3.369],[2.116,8.96],[-4.463,2.545],[-2.274,-0.492],[-1.005,-0.777],[-0.417,-3.793],[-0.106,-3.111],[-9.844,-39.168]],"o":[[-2.034,-0.768],[0.056,-1.048],[-0.252,-1.387],[-0.619,-2.729],[-2.408,-9.466],[3.797,-8.514],[3.185,0.388],[1.812,1.064],[0.353,1.765],[0.268,2.48],[0.755,22.084],[0.276,1.093]],"v":[[6.832,54.616],[-6.057,17.834],[-6.528,6.417],[-7.522,1.624],[-9.772,-7.613],[-17.364,-37.293],[-4.237,-55.804],[4.292,-54.335],[8.463,-51.584],[9.749,-43.081],[10.349,-34.643],[17.088,50.606]],"c":true},"ix":2},"nm":"Path 1","mn":"ADBE Vector Shape - Group","hd":false},{"ty":"fl","c":{"a":0,"k":[0.277280171712,0.357457658356,0.58728093166,1],"ix":4},"o":{"a":0,"k":100,"ix":5},"r":1,"bm":0,"nm":"Fill 1","mn":"ADBE Vector Graphic - Fill","hd":false},{"ty":"tr","p":{"a":0,"k":[17.613,56.055],"ix":2},"a":{"a":0,"k":[0,0],"ix":1},"s":{"a":0,"k":[100,100],"ix":3},"r":{"a":0,"k":0,"ix":6},"o":{"a":0,"k":100,"ix":7},"sk":{"a":0,"k":0,"ix":4},"sa":{"a":0,"k":0,"ix":5},"nm":"Transform"}],"nm":"Group 2","np":2,"cix":2,"bm":0,"ix":2,"mn":"ADBE Vector Group","hd":false},{"ty":"gr","it":[{"ind":0,"ty":"sh","ix":1,"ks":{"a":0,"k":{"i":[[0,0],[0,0],[-1.091,-4.862],[-3.671,-0.595],[-0.243,-0.83]],"o":[[-1.704,-1.039],[0,0],[1.092,4.862],[2.534,0.411],[0,0]],"v":[[-10.682,7.573],[-11.416,-1.223],[-2.388,-2.711],[8.824,4.929],[12.386,7.573]],"c":true},"ix":2},"nm":"Path 1","mn":"ADBE Vector Shape - Group","hd":false},{"ty":"fl","c":{"a":0,"k":[0.258224517224,0.313142574535,0.443821536793,1],"ix":4},"o":{"a":0,"k":100,"ix":5},"r":1,"bm":0,"nm":"Fill 1","mn":"ADBE Vector Graphic - Fill","hd":false},{"ty":"tr","p":{"a":0,"k":[36.549,108.027],"ix":2},"a":{"a":0,"k":[0,0],"ix":1},"s":{"a":0,"k":[100,100],"ix":3},"r":{"a":0,"k":0,"ix":6},"o":{"a":0,"k":100,"ix":7},"sk":{"a":0,"k":0,"ix":4},"sa":{"a":0,"k":0,"ix":5},"nm":"Transform"}],"nm":"Group 3","np":2,"cix":2,"bm":0,"ix":3,"mn":"ADBE Vector Group","hd":false}],"ip":0,"op":729,"st":0,"bm":0},{"ddd":0,"ind":24,"ty":4,"nm":"arm","parent":1,"sr":1,"ks":{"o":{"a":0,"k":100,"ix":11},"r":{"a":1,"k":[{"i":{"x":[0.667],"y":[1]},"o":{"x":[0.333],"y":[0]},"t":0,"s":[0]},{"i":{"x":[0.667],"y":[1]},"o":{"x":[0.333],"y":[0]},"t":60,"s":[-2]},{"i":{"x":[0.667],"y":[1]},"o":{"x":[0.333],"y":[0]},"t":120,"s":[0]},{"i":{"x":[0.667],"y":[1]},"o":{"x":[0.333],"y":[0]},"t":180,"s":[-2]},{"t":240,"s":[0]}],"ix":10},"p":{"a":0,"k":[-6.576,-24.062,0],"ix":2},"a":{"a":0,"k":[9.278,40.522,0],"ix":1},"s":{"a":0,"k":[100,100,100],"ix":6}},"ao":0,"shapes":[{"ty":"gr","it":[{"ind":0,"ty":"sh","ix":1,"ks":{"a":0,"k":{"i":[[3.296,-3.767],[-0.048,-0.181],[0,0],[0,0],[-0.002,0.002],[-0.005,0.005],[-3.236,10.268]],"o":[[-3.237,3.7],[0.001,0.002],[0,0],[0,0],[0.003,-0.002],[0.539,-0.59],[-3.731,6.695]],"v":[[-7.581,5.42],[-9.414,14.476],[-9.413,14.481],[-9.412,14.48],[-9.408,14.476],[-9.398,14.466],[10.818,-14.481]],"c":true},"ix":2},"nm":"Path 1","mn":"ADBE Vector Shape - Group","hd":false},{"ty":"fl","c":{"a":0,"k":[0.902772910922,0.564709233303,0.311696879069,1],"ix":4},"o":{"a":0,"k":100,"ix":5},"r":1,"bm":0,"nm":"Fill 1","mn":"ADBE Vector Graphic - Fill","hd":false},{"ty":"tr","p":{"a":0,"k":[23.386,34.788],"ix":2},"a":{"a":0,"k":[0,0],"ix":1},"s":{"a":0,"k":[100,100],"ix":3},"r":{"a":0,"k":0,"ix":6},"o":{"a":0,"k":100,"ix":7},"sk":{"a":0,"k":0,"ix":4},"sa":{"a":0,"k":0,"ix":5},"nm":"Transform"}],"nm":"Group 1","np":2,"cix":2,"bm":0,"ix":1,"mn":"ADBE Vector Group","hd":false},{"ty":"gr","it":[{"ind":0,"ty":"sh","ix":1,"ks":{"a":0,"k":{"i":[[0,0],[0.667,-1.568],[0,0],[0.907,-2.3],[4.816,-2.791],[0,0],[0,0],[0,0.069],[0.004,0.606],[0.002,0.003],[-3.237,3.7],[-3.731,6.695],[0,0.002],[-0.091,0.475]],"o":[[0,0],[-0.852,2.005],[0,0],[-0.449,1.142],[0,0],[0,0],[-0.001,-0.072],[-0.007,-0.724],[0,0],[-0.048,-0.181],[3.296,-3.767],[0,-0.002],[0.163,-0.518],[0.982,-5.055]],"v":[[-9.832,-26.843],[-11.607,-24.825],[-11.765,-21.725],[1.26,-6.791],[-13.781,2.918],[-17.661,5.747],[-7.269,26.843],[-3.92,24.406],[-3.937,22.175],[-3.939,22.17],[-2.106,13.115],[16.293,-6.787],[16.295,-6.791],[16.679,-8.281]],"c":true},"ix":2},"nm":"Path 1","mn":"ADBE Vector Shape - Group","hd":false},{"ty":"fl","c":{"a":0,"k":[0.938589537377,0.631239049575,0.367098251044,1],"ix":4},"o":{"a":0,"k":100,"ix":5},"r":1,"bm":0,"nm":"Fill 1","mn":"ADBE Vector Graphic - Fill","hd":false},{"ty":"tr","p":{"a":0,"k":[17.911,27.093],"ix":2},"a":{"a":0,"k":[0,0],"ix":1},"s":{"a":0,"k":[100,100],"ix":3},"r":{"a":0,"k":0,"ix":6},"o":{"a":0,"k":100,"ix":7},"sk":{"a":0,"k":0,"ix":4},"sa":{"a":0,"k":0,"ix":5},"nm":"Transform"}],"nm":"Group 2","np":2,"cix":2,"bm":0,"ix":2,"mn":"ADBE Vector Group","hd":false}],"ip":0,"op":729,"st":0,"bm":0},{"ddd":0,"ind":25,"ty":4,"nm":"hand","parent":24,"sr":1,"ks":{"o":{"a":0,"k":100,"ix":11},"r":{"a":1,"k":[{"i":{"x":[0.667],"y":[1]},"o":{"x":[0.333],"y":[0]},"t":0,"s":[0]},{"i":{"x":[0.667],"y":[1]},"o":{"x":[0.333],"y":[0]},"t":60,"s":[-9]},{"i":{"x":[0.667],"y":[1]},"o":{"x":[0.333],"y":[0]},"t":120,"s":[0]},{"i":{"x":[0.667],"y":[1]},"o":{"x":[0.333],"y":[0]},"t":180,"s":[-9]},{"t":240,"s":[0]}],"ix":10},"p":{"a":0,"k":[7.539,3.109,0],"ix":2},"a":{"a":0,"k":[14.624,6.502,0],"ix":1},"s":{"a":0,"k":[100,100,100],"ix":6}},"ao":0,"shapes":[{"ty":"gr","it":[{"ind":0,"ty":"sh","ix":1,"ks":{"a":0,"k":{"i":[[0,0],[1.657,0.195],[0.389,-1.29],[-0.438,-1.29],[-2.242,-0.098],[0,0]],"o":[[0,0],[-1.657,-0.195],[-0.39,1.29],[0.439,1.29],[2.241,0.097],[0,0]],"v":[[8.139,2.144],[1.12,-3.899],[-7.749,0.464],[0.195,0.464],[3.363,2.73],[7.553,4.093]],"c":true},"ix":2},"nm":"Path 1","mn":"ADBE Vector Shape - Group","hd":false},{"ty":"fl","c":{"a":0,"k":[0.982636335784,0.719540225758,0.537032362994,1],"ix":4},"o":{"a":0,"k":100,"ix":5},"r":1,"bm":0,"nm":"Fill 1","mn":"ADBE Vector Graphic - Fill","hd":false},{"ty":"tr","p":{"a":0,"k":[8.389,4.344],"ix":2},"a":{"a":0,"k":[0,0],"ix":1},"s":{"a":0,"k":[100,100],"ix":3},"r":{"a":0,"k":0,"ix":6},"o":{"a":0,"k":100,"ix":7},"sk":{"a":0,"k":0,"ix":4},"sa":{"a":0,"k":0,"ix":5},"nm":"Transform"}],"nm":"Group 1","np":2,"cix":2,"bm":0,"ix":1,"mn":"ADBE Vector Group","hd":false}],"ip":0,"op":729,"st":0,"bm":0},{"ddd":0,"ind":26,"ty":4,"nm":"Layer 36 Outlines","parent":1,"sr":1,"ks":{"o":{"a":0,"k":100,"ix":11},"r":{"a":0,"k":0,"ix":10},"p":{"a":0,"k":[150.804,6.222,0],"ix":2},"a":{"a":0,"k":[6.203,6.203,0],"ix":1},"s":{"a":0,"k":[100,100,100],"ix":6}},"ao":0,"shapes":[{"ty":"gr","it":[{"ind":0,"ty":"sh","ix":1,"ks":{"a":0,"k":{"i":[[0,3.288],[-3.288,0],[0,-3.288],[3.288,0]],"o":[[0,-3.288],[3.288,0],[0,3.288],[-3.288,0]],"v":[[-5.953,0],[0,-5.953],[5.953,0],[0,5.953]],"c":true},"ix":2},"nm":"Path 1","mn":"ADBE Vector Shape - Group","hd":false},{"ty":"fl","c":{"a":0,"k":[0.97073543773,0.983432006836,0.994757439108,1],"ix":4},"o":{"a":0,"k":100,"ix":5},"r":1,"bm":0,"nm":"Fill 1","mn":"ADBE Vector Graphic - Fill","hd":false},{"ty":"tr","p":{"a":0,"k":[6.203,6.203],"ix":2},"a":{"a":0,"k":[0,0],"ix":1},"s":{"a":0,"k":[100,100],"ix":3},"r":{"a":0,"k":0,"ix":6},"o":{"a":0,"k":100,"ix":7},"sk":{"a":0,"k":0,"ix":4},"sa":{"a":0,"k":0,"ix":5},"nm":"Transform"}],"nm":"Group 1","np":2,"cix":2,"bm":0,"ix":1,"mn":"ADBE Vector Group","hd":false}],"ip":0,"op":729,"st":0,"bm":0},{"ddd":0,"ind":27,"ty":4,"nm":"Layer 37 Outlines","parent":1,"sr":1,"ks":{"o":{"a":0,"k":100,"ix":11},"r":{"a":0,"k":0,"ix":10},"p":{"a":0,"k":[-55.112,109.305,0],"ix":2},"a":{"a":0,"k":[114.094,35.237,0],"ix":1},"s":{"a":0,"k":[100,100,100],"ix":6}},"ao":0,"shapes":[{"ty":"gr","it":[{"ind":0,"ty":"sh","ix":1,"ks":{"a":0,"k":{"i":[[0,-0.002],[0,0],[-7.856,34.038],[-0.003,0.011],[-22.811,-12.971],[-17.117,-11.49],[-12.729,-2.045],[-0.867,-2.262]],"o":[[0,0],[0,0],[0.003,-0.012],[13.189,-0.615],[36.023,20.486],[17.117,11.492],[11.106,1.783],[0.002,0.001]],"v":[[113.844,34.987],[-99.601,34.921],[-105.988,-34.339],[-105.98,-34.372],[-48.312,-20.464],[63.968,-3.477],[97.744,21.959],[113.842,34.984]],"c":true},"ix":2},"nm":"Path 1","mn":"ADBE Vector Shape - Group","hd":false},{"ty":"fl","c":{"a":0,"k":[0.806955674115,0.889961212757,0.952899169922,1],"ix":4},"o":{"a":0,"k":100,"ix":5},"r":1,"bm":0,"nm":"Fill 1","mn":"ADBE Vector Graphic - Fill","hd":false},{"ty":"tr","p":{"a":0,"k":[114.094,35.237],"ix":2},"a":{"a":0,"k":[0,0],"ix":1},"s":{"a":0,"k":[100,100],"ix":3},"r":{"a":0,"k":0,"ix":6},"o":{"a":0,"k":100,"ix":7},"sk":{"a":0,"k":0,"ix":4},"sa":{"a":0,"k":0,"ix":5},"nm":"Transform"}],"nm":"Group 1","np":2,"cix":2,"bm":0,"ix":1,"mn":"ADBE Vector Group","hd":false}],"ip":0,"op":729,"st":0,"bm":0},{"ddd":0,"ind":28,"ty":4,"nm":"Layer 38 Outlines","parent":1,"sr":1,"ks":{"o":{"a":0,"k":100,"ix":11},"r":{"a":0,"k":0,"ix":10},"p":{"a":0,"k":[-49.074,57.964,0],"ix":2},"a":{"a":0,"k":[114.126,28.598,0],"ix":1},"s":{"a":0,"k":[100,100,100],"ix":6}},"ao":0,"shapes":[{"ty":"gr","it":[{"ind":0,"ty":"sh","ix":1,"ks":{"a":0,"k":{"i":[[0,0],[0,0],[-0.874,3.784],[-0.003,0.012],[-0.754,2.299]],"o":[[0,0],[0.376,-3.764],[0.003,-0.012],[0.536,-2.322],[0,0]],"v":[[113.876,-28.348],[-113.876,28.348],[-112.026,17.001],[-112.018,16.969],[-110.088,10.029]],"c":true},"ix":2},"nm":"Path 1","mn":"ADBE Vector Shape - Group","hd":false},{"ty":"fl","c":{"a":0,"k":[0.97073543773,0.983432006836,0.994757439108,1],"ix":4},"o":{"a":0,"k":100,"ix":5},"r":1,"bm":0,"nm":"Fill 1","mn":"ADBE Vector Graphic - Fill","hd":false},{"ty":"tr","p":{"a":0,"k":[114.126,28.598],"ix":2},"a":{"a":0,"k":[0,0],"ix":1},"s":{"a":0,"k":[100,100],"ix":3},"r":{"a":0,"k":0,"ix":6},"o":{"a":0,"k":100,"ix":7},"sk":{"a":0,"k":0,"ix":4},"sa":{"a":0,"k":0,"ix":5},"nm":"Transform"}],"nm":"Group 1","np":2,"cix":2,"bm":0,"ix":1,"mn":"ADBE Vector Group","hd":false}],"ip":0,"op":729,"st":0,"bm":0},{"ddd":0,"ind":29,"ty":4,"nm":"Layer 39 Outlines","parent":1,"sr":1,"ks":{"o":{"a":0,"k":100,"ix":11},"r":{"a":0,"k":0,"ix":10},"p":{"a":0,"k":[37.213,73.282,0],"ix":2},"a":{"a":0,"k":[157.931,59.624,0],"ix":1},"s":{"a":0,"k":[100,100,100],"ix":6}},"ao":0,"shapes":[{"ty":"gr","it":[{"ind":0,"ty":"sh","ix":1,"ks":{"a":0,"k":{"i":[[-6.096,-5.103],[0,0],[-0.729,11.831],[0,0],[5.495,-22.144]],"o":[[0,0],[-2.823,-10.225],[0,0],[5.435,13.15],[-3.195,12.879]],"v":[[157.681,18.956],[-153.408,59.374],[-156.952,26.215],[151.153,-59.374],[152.04,-6.902]],"c":true},"ix":2},"nm":"Path 1","mn":"ADBE Vector Shape - Group","hd":false},{"ty":"fl","c":{"a":0,"k":[0.97073543773,0.983432006836,0.994757439108,1],"ix":4},"o":{"a":0,"k":100,"ix":5},"r":1,"bm":0,"nm":"Fill 1","mn":"ADBE Vector Graphic - Fill","hd":false},{"ty":"tr","p":{"a":0,"k":[157.931,59.624],"ix":2},"a":{"a":0,"k":[0,0],"ix":1},"s":{"a":0,"k":[100,100],"ix":3},"r":{"a":0,"k":0,"ix":6},"o":{"a":0,"k":100,"ix":7},"sk":{"a":0,"k":0,"ix":4},"sa":{"a":0,"k":0,"ix":5},"nm":"Transform"}],"nm":"Group 1","np":2,"cix":2,"bm":0,"ix":1,"mn":"ADBE Vector Group","hd":false}],"ip":0,"op":729,"st":0,"bm":0},{"ddd":0,"ind":30,"ty":4,"nm":"Layer 40 Outlines","parent":1,"sr":1,"ks":{"o":{"a":0,"k":100,"ix":11},"r":{"a":0,"k":0,"ix":10},"p":{"a":0,"k":[55.007,58.728,0],"ix":2},"a":{"a":0,"k":[221.223,85.873,0],"ix":1},"s":{"a":0,"k":[100,100,100],"ix":6}},"ao":0,"shapes":[{"ty":"gr","it":[{"ind":0,"ty":"sh","ix":1,"ks":{"a":0,"k":{"i":[[5.355,-22.019],[0,0],[0,0],[0,0],[0,0],[-3.015,30.088],[-0.874,3.784],[-0.004,0.012],[-0.755,2.298],[-8.166,8.241],[-24.012,1.217],[-71.741,5.726],[-13.795,-33.372],[5.494,-22.143],[-6.096,-5.103],[-18.504,-6.601]],"o":[[0,0],[0,0],[0,0],[0,0],[0,0],[0.377,-3.764],[0.004,-0.011],[0.536,-2.322],[3.19,-9.733],[49.518,-49.972],[24.009,-1.22],[39.793,-3.176],[5.436,13.15],[-3.195,12.879],[12.66,10.602],[13.788,4.917]],"v":[[215.618,85.623],[107.847,85.591],[16.328,85.564],[3.723,85.561],[-209.72,85.498],[-217.958,27.584],[-216.108,16.238],[-216.099,16.205],[-214.169,9.267],[-197.57,-18.134],[-60.05,-27.552],[37.054,-82.447],[133.358,-44.819],[134.246,7.651],[139.887,33.511],[198.191,49.344]],"c":true},"ix":2},"nm":"Path 1","mn":"ADBE Vector Shape - Group","hd":false},{"ty":"fl","c":{"a":0,"k":[0.930649402095,0.952155677945,0.981901640051,1],"ix":4},"o":{"a":0,"k":100,"ix":5},"r":1,"bm":0,"nm":"Fill 1","mn":"ADBE Vector Graphic - Fill","hd":false},{"ty":"tr","p":{"a":0,"k":[221.223,85.873],"ix":2},"a":{"a":0,"k":[0,0],"ix":1},"s":{"a":0,"k":[100,100],"ix":3},"r":{"a":0,"k":0,"ix":6},"o":{"a":0,"k":100,"ix":7},"sk":{"a":0,"k":0,"ix":4},"sa":{"a":0,"k":0,"ix":5},"nm":"Transform"}],"nm":"Group 1","np":2,"cix":2,"bm":0,"ix":1,"mn":"ADBE Vector Group","hd":false}],"ip":0,"op":729,"st":0,"bm":0}],"markers":[]}